Counter	Created_time	Time_Stamp	ID	Message	Shares	Status_type	Full_Picture	Reactions_like	Reactions_haha	Reactions_wow	Reactions_sad	Reactions_angry	Reactions_love
0	2018-08-01T20:09:20+0000	1533164960.0	211857482296579_1141409019341416	"- Chegada em Vit√≥ria - ES.

- Com Deputado Manato e Magno Malta .
- Um forte abra√ßo a todos os Capixabas."	3829	added_video	https://scontent.xx.fbcdn.net/v/t15.5256-10/35989642_1141409842674667_5762139067890270208_n.jpg?_nc_cat=103&_nc_ohc=4ar0QBUUk_oAX9rPQoO&_nc_ht=scontent.xx&oh=69a81ba435bcb3c54e30cdede0187cd1&oe=5E9B357C	9213	34	80	2	13	658
1	2018-08-01T16:07:16+0000	1533150436.0	211857482296579_1141187076030277	- Pesquisa Data Poder 360.	1852	added_video	https://scontent.xx.fbcdn.net/v/t15.5256-10/37511751_1141187589363559_2188955852210176000_n.jpg?_nc_cat=101&_nc_ohc=MTZCMzL6aPgAX_2nugk&_nc_ht=scontent.xx&oh=a4581fd1b312dbf0754ff3e55188f81f&oe=5EA72808	11081	234	40	3	13	874
2	2018-08-02T18:28:03+0000	1533245283.0	211857482296579_1142509192564732	"- Hoje, 22h15, LIVE:
- Jair Bolsonaro;
- Paulo Guedes;
- Allan dos Santos;
- Bernardo K√ºster;
- Fl√°vio Morgenstern e
- Fl√°vio Bolsonaro."	12099	added_video	https://scontent.xx.fbcdn.net/v/t15.13418-10/37862074_1085880321574420_7985738306698608640_n.jpg?_nc_cat=102&_nc_ohc=QP4wsI5REUkAX8gVX2-&_nc_ht=scontent.xx&oh=f1c7761a401c104bb4759b9d00e6a162&oe=5EA7E1F9	29376	77	256	4	21	2179
3	2018-08-02T13:35:48+0000	1533227748.0	211857482296579_1142211689261149	- E conhecereis a verdade, e a verdade vos libertar√°.	114686	added_video	https://scontent.xx.fbcdn.net/v/t15.5256-10/36022525_1142216845927300_8593677991005913088_n.jpg?_nc_cat=107&_nc_ohc=sQPW-uysKvgAX-lzXU_&_nc_ht=scontent.xx&oh=ebbdb35c9becc9ad68349692d67b47e6&oe=5E96E2AC	106609	3062	680	59	139	10989
4	2018-08-02T02:41:09+0000	1533188469.0	211857482296579_1141727159309602	"- A mortalidade infantil no Brasil.
. Por Bernardo P. K√ºster."	10357	added_video	https://scontent.xx.fbcdn.net/v/t15.5256-10/35911893_1141727775976207_2169577187403890688_n.jpg?_nc_cat=102&_nc_ohc=WiuNSMsepbsAX9SMYMY&_nc_ht=scontent.xx&oh=7a5957d562d736102efbb9c060a51aed&oe=5E8F0456	19200	94	173	7	10	1353
5	2018-08-03T22:21:02+0000	1533345662.0	211857482296579_1144212945727690	"- Comprove, para o sistema Globo, Jair Bolsonaro √© o ""outro candidato."""	7242	added_video	https://scontent.xx.fbcdn.net/v/t15.5256-10/35997617_1144213475727637_498145695857901568_n.jpg?_nc_cat=109&_nc_ohc=qP_EggYuNQ8AX_9jfNj&_nc_ht=scontent.xx&oh=ee8a28d1e2c1a9f5e964413ab956db23&oe=5E9C47CD	18228	1973	105	101	1227	227
6	2018-08-03T20:50:16+0000	1533340216.0	211857482296579_1144144055734579	- A Direita estava adormecida...	1224	added_video	https://scontent.xx.fbcdn.net/v/t15.5256-10/36182180_1144144429067875_526052237273726976_n.jpg?_nc_cat=104&_nc_ohc=CpFvj4qJ3kkAX9nWa3S&_nc_ht=scontent.xx&oh=3790db1e890ae6e54539567c2d813703&oe=5EA4105A	11475	404	26	3	6	712
7	2018-08-03T01:50:49+0000	1533271849.0	211857482296579_1143025189179799	#BolsonaroAoVivo	15852	added_video	https://scontent.xx.fbcdn.net/v/t15.5256-10/36111073_1143294702486181_8393089145538347008_n.jpg?_nc_cat=108&_nc_ohc=JUIOO6c6sr8AX8MtaCp&_nc_ht=scontent.xx&oh=58a66fa9d4dbc6e5a25e82b125968283&oe=5E94D577	41603	375	241	42	201	8589
8	2018-08-03T01:28:01+0000	1533270481.0	211857482296579_1142861605862824	"- LIVE 1 (temas do Brasil):
- Jair Bolsonaro;
- Paulo Guedes;
- Allan dos Santos;
- Bernardo K√ºster;
- Fl√°vio Morgenstern e
- Fl√°vio Bolsonaro."	18774	added_video	https://scontent.xx.fbcdn.net/v/t15.5256-10/36111508_1143004879181830_7267309291621580800_n.jpg?_nc_cat=110&_nc_ohc=5zQF6QsiO1YAX-7Qsbn&_nc_ht=scontent.xx&oh=62c3b6b446f41b284861b3115b739dbd&oe=5E8F4D0C	43752	351	206	39	175	9102
9	2018-08-04T18:05:38+0000	1533416738.0	211857482296579_1145452385603746	"- Roberto Marinho foi um Democrata ou um Ditador. 
- Assista e tire suas conclus√µes:"	15330	added_video	https://scontent.xx.fbcdn.net/v/t15.5256-10/36168400_1145473142268337_2660660213270446080_n.jpg?_nc_cat=104&_nc_ohc=gclAJ2T5FlIAX8ufiNs&_nc_ht=scontent.xx&oh=cccf871125c81f7d97c0bd622ccc2688&oe=5E976B67	40616	9324	161	25	81	4336
10	2018-08-04T04:30:11+0000	1533367811.0	211857482296579_1144638472351804	"‚Ä™- O Brasil que eu quero para o futuro: ‚Ä¨

. Link em nosso canal do youtube: https://youtu.be/zozQ5cOyonU"	68972	added_video	https://scontent.xx.fbcdn.net/v/t15.5256-10/36167910_1144640002351651_1193699466008330240_n.jpg?_nc_cat=106&_nc_ohc=hfta-id1AR0AX9Ubspl&_nc_ht=scontent.xx&oh=eac9f11f1f5e9f3473c2f50ebf831906&oe=5EA91E07	86362	422	673	18	150	12961
11	2018-08-05T22:07:07+0000	1533517627.0	211857482296579_1146978012117850	- Elei√ß√µes/2018, uma disputa de cartas marcadas.	15833	added_video	https://scontent.xx.fbcdn.net/v/t15.5256-10/36084152_1146978888784429_4820845174781378560_n.jpg?_nc_cat=108&_nc_ohc=Ygpb20fVbJAAX_qvCtp&_nc_ht=scontent.xx&oh=3a69806f405134f46f9c1718d33fc76d&oe=5ED7F690	19134	161	73	8	30	1185
12	2018-08-06T23:36:59+0000	1533609419.0	211857482296579_1148201035328881	- Resumo da GloboNews.	53638	added_video	https://scontent.xx.fbcdn.net/v/t15.5256-10/37954277_1148201525328832_8177129230593687552_n.jpg?_nc_cat=109&_nc_ohc=hbwO4YdzU5wAX_jrHXu&_nc_ht=scontent.xx&oh=5abc8415c95704ca4d67c4e5ae01feea&oe=5EAA8AC3	56157	5867	140	8	26	5145
13	2018-08-06T23:18:26+0000	1533608306.0	211857482296579_1148181795330805	"- A extremamente talentosa Lua Azevedo toca o Hino Nacional.

- Muito obrigado pela considera√ß√£o e sucesso com este dom que Deus lhe deu."	14542	added_video	https://scontent.xx.fbcdn.net/v/t15.5256-10/37174952_1148184318663886_1164505044289060864_n.jpg?_nc_cat=109&_nc_ohc=NnMAJKUXNvEAX-ezcjz&_nc_ht=scontent.xx&oh=4d560db21f1faa5550b0f0f0d9e265c1&oe=5E98E713	29218	50	635	5	7	2978
14	2018-08-06T08:37:51+0000	1533555471.0	211857482296579_1147454782070173	"- ""E conhecereis a verdade. E a verdade vos libertar√°."""	7659	added_video	https://scontent.xx.fbcdn.net/v/t15.5256-10/36083127_1147455065403478_840135718092144640_n.jpg?_nc_cat=100&_nc_ohc=sei_ETBXVksAX-3NYEN&_nc_ht=scontent.xx&oh=1854a855938a2a338fcf436b059e6d97&oe=5ED84838	21118	536	88	4	8	1336
15	2018-08-07T21:51:10+0000	1533689470.0	211857482296579_1149312665217718	"- Mais uma mentira da Folha de S√£o Paulo.
- Na manchete da mat√©ria induzem que o aborto compete √† mulher.
- M E N T I R A

. Link no youtube: https://youtu.be/bPcGySCec8w"	15634	added_video	https://scontent.xx.fbcdn.net/v/t15.5256-10/35998374_1149313505217634_8207422433796292608_n.jpg?_nc_cat=109&_nc_ohc=PqnPcNycxboAX8Paqkg&_nc_ht=scontent.xx&oh=89be8b7ad057f04ef892c0c8f8ea3709&oe=5ED6E8DA	34656	97	106	60	690	1498
16	2018-08-09T19:13:00+0000	1533852780.0	211857482296579_1151591451656506	√â sempre muito bacana! Obrigado! üå∑üëçüèª	3665	added_video	https://scontent.xx.fbcdn.net/v/t15.5256-10/37707022_1151592441656407_4487603408223600640_n.jpg?_nc_cat=103&_nc_ohc=shXpn9X4a5wAX-Lw3NC&_nc_ht=scontent.xx&oh=20a272f346902ba49f40386210639212&oe=5E8E061E	19410	85	165	3	8	2067
17	2018-08-09T12:37:03+0000	1533829023.0	211857482296579_1151205861695065	- Luciano Huck e as escolas militares.	77400	added_video	https://scontent.xx.fbcdn.net/v/t15.5256-10/37611794_1151206271695024_386790774559211520_n.jpg?_nc_cat=102&_nc_ohc=6ZcVJk9k2_cAX_pK4A-&_nc_ht=scontent.xx&oh=dabbb8366e1532d77a43990a55cba8d9&oe=5EDA3563	53889	1373	243	7	34	2753
18	2018-08-09T10:53:02+0000	1533822782.0	211857482296579_1151120645036920	"CENSURA NAS REDES SOCIAIS:
Ap√≥s facebook agora √© a vez do twitter passar a foice na direita e n√£o s√≥ no Brasil! Contas internacionais como a do Infowars LIVE, de Alex Jones, tamb√©m foram bloqueadas.

 SOCIAL NETWORKS CENSORSHIP
After facebook now it's twitter's turn to pass the sickle on the rightwings and not only in Brazil! International accounts such as Infowars, of Alex Jones, also got blocked.

Eduardo Bolsonaro"	3266	added_video	https://scontent.xx.fbcdn.net/v/t15.5256-10/37779845_1151121321703519_2750933931841814528_n.jpg?_nc_cat=105&_nc_ohc=05WFmmTEObwAX_clc3Y&_nc_ht=scontent.xx&oh=796a9a4e3b6e8fc8a9f9e66423d6b8f4&oe=5ED348F6	12098	37	81	411	1242	106
19	2018-08-09T00:33:30+0000	1533785610.0	211857482296579_1150686015080383	- Vamos acreditar no Brasil.	7964	added_video	https://scontent.xx.fbcdn.net/v/t15.5256-10/37979004_1150686895080295_1197995047484653568_n.jpg?_nc_cat=106&_nc_ohc=el9ER8zE5f4AX89JkR0&_nc_ht=scontent.xx&oh=3abdfc2d62398d8c93c1cc1bca0e3a58&oe=5E9B09DE	15121	28	93	3	10	1342
20	2018-08-10T22:15:32+0000	1533950132.0	211857482296579_1153090981506553	- Apoiadores de todo Brasil: nosso muito obrigado.	13864	added_video	https://scontent.xx.fbcdn.net/v/t15.5256-10/37743752_1153091764839808_7860184068900519936_n.jpg?_nc_cat=104&_nc_ohc=j4KfX-SVg4gAX9QcL-6&_nc_ht=scontent.xx&oh=c64326d11a4ecde3b0ccf856a12487b2&oe=5E9DB275	39047	251	487	5	23	3276
21	2018-08-10T16:12:32+0000	1533928352.0	211857482296579_1152719978210320	Cada manifesta√ß√£o de carinho o aumento da responsabilidade! üëçüèªüáßüá∑üå∑	6994	added_video	https://scontent.xx.fbcdn.net/v/t15.5256-10/38947614_1152721648210153_2198745573031411712_n.jpg?_nc_cat=111&_nc_ohc=mTRJLQZxZAwAX-rvHxG&_nc_ht=scontent.xx&oh=9b641ab55ec5d99cd547de6aa0dfb5e7&oe=5EA47C99	26952	94	220	3	30	2573
22	2018-08-10T04:19:52+0000	1533885592.0	211857482296579_1152099524939032	- Grato pelos que assistiram ao debate at√© este hor√°rio. Vamos colocar o Brasil nos trilhos sem estar ref√©m de partidos e do sistema. Boa noite e fiquem com Deus! üáßüá∑ #BolsonaroNaBand	20535	added_video	https://scontent.xx.fbcdn.net/v/t15.5256-10/38740953_1152101074938877_5755421249413054464_n.jpg?_nc_cat=100&_nc_ohc=TgZKjd6TsOsAX_C43KT&_nc_ht=scontent.xx&oh=70a3dc8c3390413140e37534dfb3ca73&oe=5EDC0B19	76895	406	367	10	90	8721
23	2018-08-12T22:13:32+0000	1534122812.0	211857482296579_1155686701246981	"- Idos 1990, tempo que n√£o se ""roubava"" flex√µes. Kkkkk"	1389	added_video	https://scontent.xx.fbcdn.net/v/t15.5256-10/38923252_1155687171246934_733879915111251968_n.jpg?_nc_cat=105&_nc_ohc=3zm5HYrWOWsAX9oifJ_&_nc_ht=scontent.xx&oh=b72a39b40ff8c27c8a9df511d34083b0&oe=5ED87D64	20121	5840	118	3	5	1185
24	2018-08-12T14:11:52+0000	1534093912.0	211857482296579_1155166321299019	"- No dia dos pais, o meu, que faleceu em 1995, √© caluniado pelo jornal O Globo.
- Revistas √âpoca e Isto√â seguem o mesmo caminho.
- Assista:
. Link no youtube: https://youtu.be/kvYmtA3VOM8"	39108	added_video	https://scontent.xx.fbcdn.net/v/t15.5256-10/37708928_1155168721298779_525836874728603648_n.jpg?_nc_cat=111&_nc_ohc=vq4Z8Ydt2-0AX9g1dkG&_nc_ht=scontent.xx&oh=6067466cf9c1e7a802366f685da435d5&oe=5E9B7899	57599	361	327	3410	871	2270
25	2018-08-12T12:11:23+0000	1534086683.0	211857482296579_1155103537971964	"- ‚ÄùEm outubro, vou de Bolsonaro. Est√° decidido. Tive uma reuni√£o face to face com Bolsonaro e vi um cara com posi√ß√µes fant√°sticas‚Äù.

- Sebasti√£o Bomfim / Centauro Material Esportivo.

. Link da mat√©ria: https://tinyurl.com/y9zxupts"	6788	added_video	https://scontent.xx.fbcdn.net/v/t15.5256-10/38102957_1155104184638566_2444691592427077632_n.jpg?_nc_cat=103&_nc_ohc=8ji8_2az4dUAX_KYi8m&_nc_ht=scontent.xx&oh=8e2061209b3c632d95f9ef8006a11bc2&oe=5E94EFA3	41115	106	163	9	56	2214
26	2018-08-12T10:13:14+0000	1534079594.0	211857482296579_1154995891316062	- Obrigado molecada! Um abra√ßo a voc√™s e seus pais! Kkkkkk! Fiquem com Deus!	9099	added_video	https://scontent.xx.fbcdn.net/v/t15.5256-10/37355034_1154996747982643_7725112759100112896_n.jpg?_nc_cat=102&_nc_ohc=EKpV8EeBfd8AX8ZntGy&_nc_ht=scontent.xx&oh=e9c003728667f24d6a5904b53186a5f2&oe=5EA0405B	26676	796	48	13	27	3034
27	2018-08-13T20:49:44+0000	1534204184.0	211857482296579_273940800055040	"- Entenda o socialismo em nossa sociedade.

. Link em nosso canal no youtube: https://youtu.be/5WkI69Is-Q0"	6272	added_video	https://scontent.xx.fbcdn.net/v/t15.5256-10/37740006_273942186721568_4124069207262363648_n.jpg?_nc_cat=103&_nc_ohc=20jDwWrUr-kAX9z3VkS&_nc_ht=scontent.xx&oh=793f1e5e9724bfeaf9c33eb7e7b38e79&oe=5ED54FD5	12722	27	240	11	21	516
28	2018-08-13T09:25:54+0000	1534163154.0	211857482296579_435904346905880	"- H√° poucos meses almocei, a convite deles, com 15 embaixadores.
- Isso n√£o serviu de mat√©ria para nossa m√≠dia. 
- A confian√ßa tem despertado o interesse da diplomacia."	7226	added_video	https://scontent.xx.fbcdn.net/v/t15.5256-10/37748975_435904730239175_5351571053732691968_n.jpg?_nc_cat=111&_nc_ohc=8-r4jG_Dd4sAX--4psC&_nc_ht=scontent.xx&oh=298ae97864de846bade57a288e0a8f3d&oe=5ED59069	21393	378	76	0	14	1338
29	2018-08-15T16:46:02+0000	1534362362.0	211857482296579_2042939855750837	- A for√ßa do General Mour√£o na chapa do Capit√£o.	11721	added_video	https://scontent.xx.fbcdn.net/v/t15.5256-10/37806672_2042941095750713_2390412358380945408_n.jpg?_nc_cat=108&_nc_ohc=nqQdsDuDFjoAX87c0Z6&_nc_ht=scontent.xx&oh=07f002408cbcf36d78113b693aa9b0a9&oe=5E972099	26643	156	234	6	30	2080
30	2018-08-15T11:37:44+0000	1534343864.0	211857482296579_1354354694667476	"- Quem n√£o l√™ jornal n√£o est√° informado. 

- Quem l√™ est√° desinformado."	31576	added_video	https://scontent.xx.fbcdn.net/v/t15.5256-10/38733167_1354355611334051_7928089619269156864_n.jpg?_nc_cat=102&_nc_ohc=x4lL8YDTllUAX87L5O5&_nc_ht=scontent.xx&oh=78bfe48a81c9b3fa79f348d30daebe2d&oe=5EA5BC61	45105	1700	144	65	266	1621
31	2018-08-16T20:12:32+0000	1534461152.0	211857482296579_533145723788843	"- Sexta-feira, 17/agosto.
- Samb√≥dromo, Anhembi/SP.
- Formatura/Sargentos/PM.
. Com Eduardo Bolsonaro e Gil Diniz - Carteiro Rea√ßa"	2855	added_video	https://scontent.xx.fbcdn.net/v/t15.5256-10/38220491_533146247122124_3607758935068508160_n.jpg?_nc_cat=111&_nc_ohc=YETx2MpX-iYAX8MzbNR&_nc_ht=scontent.xx&oh=47b836a3621557adbeb5ab746b8a2572&oe=5ED95E12	20334	46	101	1	19	1271
32	2018-08-16T15:12:10+0000	1534443130.0	211857482296579_312102429535555	- Morador nos Estados Unidos diz porque votar√° em Jair Bolsonaro.	335786	added_video	https://scontent.xx.fbcdn.net/v/t15.5256-10/37970939_312103242868807_3550318879970426880_n.jpg?_nc_cat=109&_nc_ohc=LfYToQMOumUAX-qSP_3&_nc_ht=scontent.xx&oh=91f35675307eca1f21d43c31c320f4a4&oe=5EA7690A	439190	2368	6913	268	1130	54793
33	2018-08-16T12:26:16+0000	1534433176.0	211857482296579_612952299098890	- FHC diz que PSDB pode se aliar ao PT num segundo turno contra Jair Bolsonaro.	5244	added_video	https://scontent.xx.fbcdn.net/v/t15.5256-10/37751776_612955529098567_8257694806952640512_n.jpg?_nc_cat=103&_nc_ohc=RLLXFaFbXIEAX_36AmE&_nc_ht=scontent.xx&oh=ac0d57a54041de5fdf263c45e3cae5d8&oe=5EA272A2	9313	2189	98	42	1334	56
34	2018-08-17T17:24:54+0000	1534537494.0	211857482296579_300323110727357	"- S√°bado, 18/agosto, Resende.
- Academia Militar das Agulhas Negras.
- Cerim√¥nia de entrega de espadins."	9559	added_video	https://scontent.xx.fbcdn.net/v/t15.5256-10/38088594_300323657393969_3212816514444951552_n.jpg?_nc_cat=101&_nc_ohc=-6pz3qsAjGwAX_2vUfC&_nc_ht=scontent.xx&oh=3327c25376105241493c461f150467c6&oe=5EDB80DD	42365	123	218	6	44	2565
35	2018-08-17T11:40:31+0000	1534516831.0	211857482296579_428854424188636	Formatura de Sargentos da Pol√≠cia Militar do estado de S√£o Paulo.	14844	added_video	https://scontent.xx.fbcdn.net/v/t15.5256-10/38944824_428871544186924_9140542102197764096_n.jpg?_nc_cat=101&_nc_ohc=QmI4iaFm2OcAX8QZKGQ&_nc_ht=scontent.xx&oh=36086d5d93be7e374a602e92bf0ac84a&oe=5EDAA38D	45042	276	213	27	127	9237
36	2018-08-19T10:35:52+0000	1534685752.0	211857482296579_2103915316524159	"- OS RUMOS CATASTR√ìFICOS DA EDUCA√á√ÉO BRASILEIRA: institui√ß√µes p√∫blicas apoiam e refor√ßam aprendizado da forma√ß√£o de militantes do MST desde a inf√¢ncia.

- link no youtube: https://youtu.be/iR9YkA7o6cs"	4287	added_video	https://scontent.xx.fbcdn.net/v/t15.5256-10/37415042_2103917873190570_4445472072562376704_n.jpg?_nc_cat=101&_nc_ohc=DtImynqdUR0AX_AVfOt&_nc_ht=scontent.xx&oh=2a683cefbd6c61a59d6937d8dea7ef44&oe=5E9017D5	13632	22	88	103	553	303
37	2018-08-20T23:52:27+0000	1534819947.0	211857482296579_257161908137350	‚Ä™- Agrade√ßo ao Pr. Josue J√∫nior da Igreja Atitude, onde minha esposa tem a satisfa√ß√£o de frequentar, pelo carinho e considera√ß√£o.‚Ä¨	10590	added_video	https://scontent.xx.fbcdn.net/v/t15.5256-10/37890644_257163124803895_7871923064924012544_n.jpg?_nc_cat=110&_nc_ohc=wa9j8CnSE5MAX-YCTQO&_nc_ht=scontent.xx&oh=9934ca9698fd4a8bdd59822aebf54fc6&oe=5EA58A27	38854	82	232	12	57	4249
38	2018-08-20T00:54:36+0000	1534737276.0	211857482296579_287495352048673	- Grato sempre pela considera√ß√£o e cr√≠ticas construtivas Roger Moreira (Ultraje a Rigor) ! Quanto a nos casarmos, n√£o vai dar mesmo. Sou muito bem casado! Fora a brincadeira, todos torcemos para que o Brasil volte aos trilhos novamente. Um forte abra√ßo!	8670	added_video	https://scontent.xx.fbcdn.net/v/t15.5256-10/38667134_287496555381886_1170760062860263424_n.jpg?_nc_cat=108&_nc_ohc=qI4EcY-rjo8AX9V2O6A&_nc_ht=scontent.xx&oh=0ece0f0219187b9023e625364cb80c5e&oe=5E945140	36098	606	88	3	14	2384
39	2018-08-21T13:18:52+0000	1534868332.0	211857482296579_488762231588579	"- Amanh√£, 22/agosto, √†s 13hs, pousaremos no aeroporto de Presidente Prudente/SP.
- Quinta: Ara√ßatuba e Glic√©rio;
- Sexta: S. J. do Rio Preto.
- S√°bado: Festa do Pe√£o de Barretos."	5671	added_video	https://scontent.xx.fbcdn.net/v/t15.5256-10/38103134_488763348255134_3259090169969508352_n.jpg?_nc_cat=107&_nc_ohc=n3woKK5Q17sAX9XycyU&_nc_ht=scontent.xx&oh=f5add35f4452307590aa30078a7d6fda&oe=5EA4E645	19694	50	123	2	25	1360
40	2018-08-21T02:36:56+0000	1534829816.0	211857482296579_254993978673187	"- Chega de pol√≠tica, vamos falar de peixe...
- Isso foi em 1992, portanto h√° 26 anos..."	3023	added_video	https://scontent.xx.fbcdn.net/v/t15.5256-10/37710462_254994438673141_9009082928612769792_n.jpg?_nc_cat=105&_nc_ohc=VrkWyalKXdEAX9ar57-&_nc_ht=scontent.xx&oh=333cd14cff17437a972b413d4513e088&oe=5E9A74E4	22963	4374	98	8	34	1491
41	2018-08-22T21:12:40+0000	1534983160.0	211857482296579_330801334329612	"- Nas ruas de Presidente Prudente.
- Obrigado S√£o Paulo.

. Link: https://youtu.be/SH5zLuhKpE8"	34001	added_video	https://scontent.xx.fbcdn.net/v/t15.5256-10/37573637_330802137662865_4136533155110715392_n.jpg?_nc_cat=104&_nc_ohc=4hLy0J5ztj0AX8OrOvR&_nc_ht=scontent.xx&oh=0430bc6c5b1ba4c404051a096e8fb1bf&oe=5ED91CA1	40783	201	1759	7	32	4544
42	2018-08-22T16:13:00+0000	1534965180.0	211857482296579_243662836335751	Desembarque no aeroporto de Presidente Prudente - SP	31372	added_video	https://scontent.xx.fbcdn.net/v/t15.5256-10/38951979_243667769668591_5693050589039034368_n.jpg?_nc_cat=108&_nc_ohc=O14FU0LzGYEAX-15Y0S&_nc_ht=scontent.xx&oh=7dd81b62bd37698e3449326ce9fd5ad3&oe=5EA2BFFD	65684	702	515	40	236	14725
43	2018-08-22T15:14:50+0000	1534961690.0	211857482296579_225809478086873	"Canal Rural: Bolsonaro leva no primeiro turno.

Um ponto de vista que a maior parte da imprensa propositalmente esconde! Assista:"	19838	added_video	https://scontent.xx.fbcdn.net/v/t15.5256-10/38866986_225810001420154_8538470374008946688_n.jpg?_nc_cat=102&_nc_ohc=xrf-ChtWTUEAX_kGhQo&_nc_ht=scontent.xx&oh=797afcfcddb2fa99c30b9700a5f97d89&oe=5ED4A1A3	24940	345	113	4	8	2128
44	2018-08-22T09:54:46+0000	1534942486.0	211857482296579_2108514646033139	"- Para que servem os debates?
-  Assista e comente."	5358	added_video	https://scontent.xx.fbcdn.net/v/t15.5256-10/38018003_2108516199366317_2841265623881744384_n.jpg?_nc_cat=111&_nc_ohc=-zCkSufXv9kAX_Oxn4s&_nc_ht=scontent.xx&oh=aa1c0aff885e40ad86d7bed1811331a2&oe=5EA95C62	18758	87	383	14	19	1313
45	2018-08-22T06:32:14+0000	1534930334.0	211857482296579_1970923006306032	"- Agenda do candidato.
- Jornal Nacional/ 21 de agosto."	5926	added_video	https://scontent.xx.fbcdn.net/v/t15.5256-10/37589467_1970925352972464_6238138894462746624_n.jpg?_nc_cat=106&_nc_ohc=CO2YKv0YZTgAX_rQFPg&_nc_ht=scontent.xx&oh=e7b4f80e6ff1a41bb2c58b97edb4cbd0&oe=5EA69E4A	30816	68	226	32	10	2176
46	2018-08-23T21:20:52+0000	1535070052.0	211857482296579_668122143570888	"‚Ä™- Uma imagem bacana vale mais que mil mat√©rias distorcidas e falaciosas. 
- Um abra√ßo carinhoso nas mulheres de todo o Brasil! Muito obrigado pelo apoio!‚Ä¨"	35831	added_video	https://scontent.xx.fbcdn.net/v/t15.5256-10/38760805_668122536904182_1825015012335288320_n.jpg?_nc_cat=110&_nc_ohc=dICOyHU_w7EAX8XKoiu&_nc_ht=scontent.xx&oh=84bd51e9f632a7f6fe64dcacff90c0ca&oe=5EA7B0C2	40777	722	163	15	39	4658
47	2018-08-23T20:00:24+0000	1535065224.0	211857482296579_2117553505165949	Conheci de perto um pouco da educa√ß√£o da Coreia do Sul e Jap√£o,  refer√™ncias na √°rea. O sucesso do modelo passa pela prioriza√ß√£o dos  investimentos na educa√ß√£o b√°sica, capacitando os professores e resgatando o respeito ao docente e a disciplina. √â o que queremos para o Brasil!	4872	added_video	https://scontent.xx.fbcdn.net/v/t15.5256-10/38017642_2117553918499241_4195526214548455424_n.jpg?_nc_cat=105&_nc_ohc=EOhJ1vwZ6QkAX_L-DVF&_nc_ht=scontent.xx&oh=eafb2acd35b8d81c9ada95d4861864bf&oe=5EA1F43E	19205	34	106	1	6	1362
48	2018-08-23T15:19:55+0000	1535048395.0	211857482296579_251102242401984	- (23/08/2018) Obrigado Ara√ßatuba / SP. üëçüèª	13954	added_video	https://scontent.xx.fbcdn.net/v/t15.5256-10/38808974_251104322401776_6772659295415697408_n.jpg?_nc_cat=103&_nc_ohc=cO3qWHSnDx4AX95vnOR&_nc_ht=scontent.xx&oh=bcbfae656e6938441d4c99d3b136614a&oe=5E91AE76	24979	84	666	2	16	2443
49	2018-08-23T08:37:00+0000	1535024220.0	211857482296579_287159782077645	- A luta de classes e destrui√ß√£o dos valores n√£o √© apenas absurdo, mas uma estrat√©gia muito bem articulada de controle da sociedade.	6526	added_video	https://scontent.xx.fbcdn.net/v/t15.5256-10/37813967_287160492077574_6718244628165820416_n.jpg?_nc_cat=109&_nc_ohc=44fCD8vjtoEAX-d830G&_nc_ht=scontent.xx&oh=92018bd4c1eba725b8866f1d718a2b7f&oe=5E9C9B90	20014	37	142	11	8	970
50	2018-08-24T20:38:10+0000	1535153890.0	211857482296579_2062184894002258	"- ""Aquele que esquece seu passado est√° condenado a n√£o ter futuro.""
- Nessa quinta conheci minha cidade natal, Glic√©rio/SP."	3180	added_video	https://scontent.xx.fbcdn.net/v/t15.5256-10/38102970_2062185974002150_5356410262104571904_n.jpg?_nc_cat=100&_nc_ohc=7EEvMgriDR0AX_URD7N&_nc_ht=scontent.xx&oh=f791f1db869b4910fe20f182ea1a8a98&oe=5E8F70FB	18841	32	158	0	9	1379
51	2018-08-24T13:25:23+0000	1535127923.0	211857482296579_311375639635294	"- Jos√© Bonif√°cio/SP.
- Um aquecimento para amanh√£ em Barretos/SP.
- Jair Bolsonaro."	5102	added_video	https://scontent.xx.fbcdn.net/v/t15.5256-10/38969791_311376459635212_4678362306206236672_n.jpg?_nc_cat=100&_nc_ohc=B9SBYpirQ-gAX_Us42C&_nc_ht=scontent.xx&oh=9c32553a368c818b505ddc32d1611eae&oe=5E972D4B	19482	386	105	1	10	1497
52	2018-08-24T12:53:14+0000	1535125994.0	211857482296579_385839145283333	EDUCA√á√ÉO DE BASE:	3434	added_video	https://scontent.xx.fbcdn.net/v/t15.5256-10/38500571_385839711949943_2794656076144836608_n.jpg?_nc_cat=100&_nc_ohc=PrfPK3wxIeUAX812oEr&_nc_ht=scontent.xx&oh=60ae9a61171145eeb7c76f0e7590875c&oe=5E9EA853	17687	33	122	1	11	1497
53	2018-08-25T15:40:23+0000	1535222423.0	211857482296579_317667975468144	"- Armas n√£o geram viol√™ncia...
- ... e flores n√£o trazem a paz.
- Crian√ßas de hoje, homens e mulheres de amanh√£."	6957	added_video	https://scontent.xx.fbcdn.net/v/t15.5256-10/38286665_317668138801461_4686217960304410624_n.jpg?_nc_cat=100&_nc_ohc=Gk_aVA9VNnYAX-Pr9wH&_nc_ht=scontent.xx&oh=6d27e5285e482da12803c2747f2b5619&oe=5EAA908F	17922	40	139	12	16	2019
54	2018-08-25T09:07:23+0000	1535198843.0	211857482296579_448680325620859	"‚Ä™SA√öDE: 

- A sensa√ß√£o de falta de recursos √© gerada principalmente pela corrup√ß√£o, que passa por indica√ß√µes meramente pol√≠ticas para setores profissionais e qualifica√ß√£o da m√£o de obra (‚Äúesta √∫ltima, infelizmente n√£o exigida como deveria, por exemplo, no Programa Mais M√©dicos‚Äù):

. Com Eduardo Bolsonaro"	3445	added_video	https://scontent.xx.fbcdn.net/v/t15.5256-10/37614651_448680672287491_9207608467496370176_n.jpg?_nc_cat=104&_nc_ohc=UzejW8qUp0YAX9PHVcw&_nc_ht=scontent.xx&oh=253cd30ea5003ceb0ad996c5e8292bda&oe=5E9F6DD0	14325	21	70	2	8	937
55	2018-08-26T03:07:40+0000	1535263660.0	211857482296579_2222332421380518	"- Valeu Barretos - SP üëçüèªüëâüèªüëâüèª
- Com Eduardo Bolsonaro"	10253	added_video	https://scontent.xx.fbcdn.net/v/t15.5256-10/38915910_2222333278047099_5143994897769955328_n.jpg?_nc_cat=100&_nc_ohc=Q42euF62CcgAX9TBgAi&_nc_ht=scontent.xx&oh=3e73a1561cc621490748a208d57b3cdd&oe=5E8E9A07	31435	242	522	10	31	2821
56	2018-08-27T23:42:15+0000	1535424135.0	211857482296579_534240133697802	"- Vamos desbancar o sistema que nos afunda!
- Ainda h√° tempo!
- Um forte abra√ßo e boa noite!"	16687	added_video	https://scontent.xx.fbcdn.net/v/t15.5256-10/37975756_534240787031070_3110047030907502592_n.jpg?_nc_cat=111&_nc_ohc=jAWK9ozxZp4AX_1h2O6&_nc_ht=scontent.xx&oh=5ece7d4dc4f9071c0710cd81b483e3e5&oe=5E9AAC39	26431	66	317	42	22	2855
57	2018-08-27T13:14:27+0000	1535386467.0	211857482296579_519204618532039	"- Editorial do Jornalista Marc√≠lio Maran da cidade de Sete Lagoas -Minas Gerais. Dia 25 de agosto de 2018.

- Se poss√≠vel, ou√ßa e tire suas conclus√µes: https://youtu.be/5-JwXbWm1KA

. Via Carlos Bolsonaro"	5714	added_video	https://scontent.xx.fbcdn.net/v/t15.5256-10/38016450_519205121865322_3544583629751451648_n.jpg?_nc_cat=111&_nc_ohc=kJIBl341mPoAX8pCxz7&_nc_ht=scontent.xx&oh=a6435d6cfa6950f4f77185a70ba52c7c&oe=5E8E584F	11974	20	170	27	15	669
58	2018-08-28T20:03:27+0000	1535497407.0	211857482296579_2131071940545169	"- Porto Alegre/29 de agosto/quarta- feira.
- Pouso √†s 10h no aeroporto Salgado Filho.
- Muito obrigado pelo apoio e considera√ß√£o."	8616	added_video	https://scontent.xx.fbcdn.net/v/t15.5256-10/38966951_2131072320545131_3303559337934323712_n.jpg?_nc_cat=102&_nc_ohc=m67KeNzaXBEAX-gVqCt&_nc_ht=scontent.xx&oh=0219a864695ea3e8f33dc35ad5eb6cbe&oe=5ED9081B	33970	102	164	6	67	2366
59	2018-08-28T17:20:15+0000	1535487615.0	211857482296579_1884681801826941	- Dois Gigantes do Varejo - Havan e Gazin, juntos com Jair Bolsonaro (17).	28907	added_video	https://scontent.xx.fbcdn.net/v/t15.5256-10/37810296_1884681998493588_5645438784913801216_n.jpg?_nc_cat=105&_nc_ohc=zrLjIMI3zs8AX8XlVP8&_nc_ht=scontent.xx&oh=3a34505bedcff1f44643dd3073462d0b&oe=5E91F866	41884	144	425	6	44	3047
60	2018-08-28T12:44:05+0000	1535471045.0	211857482296579_2145080495751712	Continua√ß√£o Bolsonaro no CEASA 4	996	added_video	https://scontent.xx.fbcdn.net/v/t15.5256-10/s526x296/37927521_2145080799085015_5278339408909565952_n.jpg?_nc_cat=106&_nc_ohc=PXgoSQ15n1AAX9Z6K45&_nc_ht=scontent.xx&_nc_tp=1002&oh=57296938d3dacca45b6b08b666ce8ecc&oe=5E91B705	13437	49	63	2	15	1065
61	2018-08-28T12:26:08+0000	1535469968.0	211857482296579_232248050798168	Continua√ß√£o Bolsonaro no CEASA 3	4503	added_video	https://scontent.xx.fbcdn.net/v/t15.5256-10/s526x296/37846442_232249717464668_5635399814255476736_n.jpg?_nc_cat=101&_nc_ohc=uwtqpXNQF5MAX-W_SNw&_nc_ht=scontent.xx&_nc_tp=1002&oh=c17b9268ead1532636c6dd8604701fd3&oe=5E9A41F8	17563	108	70	6	40	2460
62	2018-08-28T12:14:32+0000	1535469272.0	211857482296579_1953397118016766	Continua√ß√£o Bolsonaro no Ceasa 2	4709	added_video	https://scontent.xx.fbcdn.net/v/t15.5256-10/s526x296/38103417_1953405664682578_4980486089811689472_n.jpg?_nc_cat=109&_nc_ohc=2uqNrdUxwc8AX9-aMjs&_nc_ht=scontent.xx&_nc_tp=1002&oh=2cfb84d43d3c7caae09efe503ab2b07a&oe=5ED51CE6	21121	108	63	9	40	2692
63	2018-08-28T12:06:15+0000	1535468775.0	211857482296579_254420832078676	Bolsonaro no CEASA 1	2690	added_video	https://scontent.xx.fbcdn.net/v/t15.5256-10/p296x100/38686734_254428965411196_2430533129656598528_n.jpg?_nc_cat=104&_nc_ohc=L5_6ixI4vpAAX-lerqd&_nc_ht=scontent.xx&_nc_tp=1002&oh=6a05092d3b6dd7fb69ce34207056ff26&oe=5ED61021	14292	93	54	5	32	2632
64	2018-08-29T23:16:54+0000	1535595414.0	211857482296579_479151242596625	Rio Grande do Sul!	23274	added_video	https://scontent.xx.fbcdn.net/v/t15.5256-10/38088456_479156175929465_2261666882572517376_n.jpg?_nc_cat=102&_nc_ohc=iycTtcH5e5AAX_9QH5j&_nc_ht=scontent.xx&oh=84805dcaab600dfefaeaf13d48b2bb48&oe=5E9B1F6A	57572	603	420	68	303	13377
65	2018-08-29T12:57:49+0000	1535558269.0	211857482296579_728819064123707	- Chegada agora no aeroporto Salgado Filho em Porto Alegre - RS.	45832	added_video	https://scontent.xx.fbcdn.net/v/t15.5256-10/p296x100/38944908_728823864123227_1112630313323855872_n.jpg?_nc_cat=108&_nc_ohc=bf6ctpyW6D0AX_aIWFQ&_nc_ht=scontent.xx&_nc_tp=1002&oh=370e0de088a4e7340b5fd848f220bd3d&oe=5E965E66	85579	1161	760	61	501	19382
66	2018-08-29T09:29:41+0000	1535545781.0	211857482296579_270191333591724	- A viol√™ncia no Brasil j√° passou da linha do absurdo h√° muito tempo e quanto mais recuamos, mais a bandidagem avan√ßa. Quando adotamos o esp√≠rito de cordeiro na esperan√ßa de miseric√≥rdia, o criminoso na realidade entende que pode tudo e que √© o senhor da sua vida. Isso vai acabar!	19593	added_video	https://scontent.xx.fbcdn.net/v/t15.5256-10/38047141_270191716925019_99350384627154944_n.jpg?_nc_cat=103&_nc_ohc=1lhv9KHR7hEAX-T7Tb7&_nc_ht=scontent.xx&oh=c8ea83a57de1376eaee299c168495e54&oe=5EA966BE	59354	861	161	15	58	6072
67	2018-08-30T14:40:59+0000	1535650859.0	211857482296579_228297974509051	"- a invers√£o de valores e o politicamente correto implementados propositalmente provocam o caos social justificando a√ß√µes exclusivas do ‚Äúestado-m√£e‚Äù.

- O socialismo nos sufoca por todos os lados, com o √∫nico intuito de moldar pessoas como cordeirinhos, f√≠sica e psicologicamente, para que sejamos dominados sem resist√™ncia."	12886	added_video	https://scontent.xx.fbcdn.net/v/t15.5256-10/38495601_228299657842216_8676755358728847360_n.jpg?_nc_cat=108&_nc_ohc=DHwpPEVpBUwAX-h2Oku&_nc_ht=scontent.xx&oh=33dcc03a2e7484db4f70591905250059&oe=5E96C38E	20595	100	84	113	599	1259
68	2018-08-30T12:01:18+0000	1535641278.0	211857482296579_903442709866212	"- Jornal O Globo de hoje, 30/08/2018,  diz que informa√ß√£o sobre livro de sexo para crian√ßas nas escolas √© FALSA.

- Veja como fazem para, mais uma vez, tentar desqualificar quem n√£o lhes interessa! Segue a VERDADE!

. Link do v√≠deo no youtube: https://youtu.be/ge2x9C4WEfM"	57299	added_video	https://scontent.xx.fbcdn.net/v/t15.5256-10/38765067_903443643199452_1833163527368474624_n.jpg?_nc_cat=106&_nc_ohc=NW7MaVmgeI0AX8fcRTv&_nc_ht=scontent.xx&oh=c8f2f68fce4bc16b18c8b08097ac9d33&oe=5E918159	58228	234	376	373	2839	2041
69	2018-08-30T08:31:19+0000	1535628679.0	211857482296579_2151863195135266	"EDUCA√á√ÉO: 

- Muitos da imprensa mentem, manipulam, cospem na sua cara e te chamam de idiota, mas a verdade aparece. Trechos de um dos filmes pagos com MILH√ïES DE SEU DINHEIRO, estes elaborados por grupos de ATIVISTA$ LGBT, que seriam passados nas ESCOLAS e foi barrado pelo trabalho de parlamentares no Congresso Nacional, principalmente componentes da bancada evang√©lica.

- Infelizmente esta prioridade ainda continua sendo aplicada pelo MEC, devido a isso, seguida por muitos estados e munic√≠pios, com o √∫nico objetivo de formar militantes pol√≠ticos e n√£o mais cidad√£os preparados para o mercado de trabalho. 

- Estas diretrizes t√™m que acabar.

. Link no youtube: https://youtu.be/SJsGN69NGug"	2770	added_video	https://scontent.xx.fbcdn.net/v/t15.5256-10/38951710_2151863775135208_8988271205018501120_n.jpg?_nc_cat=104&_nc_ohc=qEJmV29zA5EAX8F_4GN&_nc_ht=scontent.xx&oh=2a78b25677377c271db5e86561ee2bff&oe=5ED54546	13493	68	86	130	1704	254
70	2018-08-31T18:22:36+0000	1535750556.0	211857482296579_671829229862929	"- Chegada no Aeroporto de Porto Velho - Rond√¥nia.

. Link no youtube: https://youtu.be/RZbk9Qs9xsM"	33746	added_video	https://scontent.xx.fbcdn.net/v/t15.5256-10/38790157_671834603195725_6644694679021420544_n.jpg?_nc_cat=101&_nc_ohc=zSdFRIuyGXkAX9p-Wag&_nc_ht=scontent.xx&oh=632ede3ff3c9f313a5c5635ae526c273&oe=5E8DA354	60022	514	1130	47	259	14520
71	2018-08-31T11:13:19+0000	1535724799.0	211857482296579_676723089360200	"- Aeroporto Salgado Filho. 
- Porto Alegre, 29/agosto.
- Obrigado Rio Grande do Sul."	20689	added_video	https://scontent.xx.fbcdn.net/v/t15.5256-10/38802371_676723352693507_5789398057086877696_n.jpg?_nc_cat=111&_nc_ohc=3bJMLQejvyUAX_Vofwd&_nc_ht=scontent.xx&oh=17e236cf11ea814b6f47c39c2434b5ac&oe=5E948650	22776	68	879	4	18	2192
72	2018-08-31T10:02:53+0000	1535720573.0	211857482296579_497399267332270	"- Obrigado pela considera√ß√£o mulheres ga√∫chas! üëçüèª

- Logo a caminho de Rond√¥nia, √†s 14h pousaremos no aeroporto de Porto Velho!"	8096	added_video	https://scontent.xx.fbcdn.net/v/t15.5256-10/38952411_497399440665586_4253299365835177984_n.jpg?_nc_cat=105&_nc_ohc=gsvzX8FuWicAX8p7FyD&_nc_ht=scontent.xx&oh=16e85276356fe7c74db62ba6c4104a69&oe=5E992D89	25745	85	246	9	15	2597
73	2018-09-01T22:49:50+0000	1535852990.0	211857482296579_2053595561347024	"- Em Rio Branco/AC, ao lado de √≠ndios, um pronunciamento de uni√£o de todos brasileiros.

. V√≠deo em nosso canal no youtube: https://youtu.be/GItC9PcVeKA"	5807	added_video	https://scontent.xx.fbcdn.net/v/t15.5256-10/38088589_2053601084679805_8385210234192265216_n.jpg?_nc_cat=106&_nc_ohc=iqkX8dKmWyMAX8LPfGx&_nc_ht=scontent.xx&oh=1d6675fac55cb07193e1eb1c4b48677c&oe=5ED93B63	23677	78	175	6	20	1926
74	2018-09-01T19:07:55+0000	1535839675.0	211857482296579_337520606990975	"- 01 de setembro de 2018 - Chegada no Aeroporto de Rio Branco / Acre.
- Muito obrigado a todos pela considera√ß√£o!
- Vamos juntos resgatar o Brasil!
- Um forte abra√ßo a todos!

. YOUTUBE: https://youtu.be/PFgkS0Dl2iU"	7238	added_video	https://scontent.xx.fbcdn.net/v/t15.5256-10/38952487_337521010324268_1165058528134561792_n.jpg?_nc_cat=109&_nc_ohc=fJbOJFifBBAAX_mtsdw&_nc_ht=scontent.xx&oh=a8a1ca0b449c594a3c4086ae73c6eddc&oe=5E9651C4	22005	45	329	3	13	2076
75	2018-09-01T12:10:41+0000	1535814641.0	211857482296579_1015053668695757	"- Entrevista onde tratamos de assuntos referentes aos fatos da semana!
- Se poss√≠vel, assista:
. Link no youtube: https://youtu.be/bijfU-mHYN8"	10344	added_video	https://scontent.xx.fbcdn.net/v/t15.5256-10/38926198_1015054872028970_388426482789122048_n.jpg?_nc_cat=111&_nc_ohc=rPOiG0uvNV0AX_XQZkr&_nc_ht=scontent.xx&oh=466fe5e174a7281c3389952f05e1d965&oe=5E910B94	26010	170	85	3	26	1831
76	2018-09-01T02:51:09+0000	1535781069.0	211857482296579_2135117230148766	"- S√°bado, 01/setembro √°s  12hs, pousaremos em Rio Branco/AC.
- Agrade√ßo a presen√ßa de todos."	2869	added_video	https://scontent.xx.fbcdn.net/v/t15.5256-10/38973630_2135117466815409_3040847505676828672_n.jpg?_nc_cat=108&_nc_ohc=tKV8Olyv5l0AX8x7LP0&_nc_ht=scontent.xx&oh=6c9845be96d28791f149193ee1d7251b&oe=5E8DC0E2	21184	55	106	2	16	1410
77	2018-09-03T23:31:49+0000	1536028309.0	211857482296579_236294227053313	"- O PSDB quer tutelar as mulheres.
- Maria do Ros√°rio e Alkmin acham que um menor estuprador, de 16 ou 17 anos, √© um pobre coitado que n√£o pode ser responsabilizado, como adulto, pelos seus atos.

. Nosso canal no youtube: https://youtu.be/z0-IcV6-CZw"	22560	added_video	https://scontent.xx.fbcdn.net/v/t15.5256-10/38953377_236294600386609_6844310542597750784_n.jpg?_nc_cat=101&_nc_ohc=AFWE5dL8HmEAX-cAKz9&_nc_ht=scontent.xx&oh=c427f563d20365b14c4fc6c576200981&oe=5E9FA8E6	29701	125	114	37	538	2528
78	2018-09-03T20:20:24+0000	1536016824.0	211857482296579_742666649405306	- N√£o √© de hoje que falo: n√£o podemos continuar com essa pol√≠tica que busca apoio atrav√©s de distribui√ß√£o de cargos, minist√©rios e diretorias. Esse √© um dos principais focos de corrup√ß√£o e inefici√™ncia do Estado. üëçüèª	19174	added_video	https://scontent.xx.fbcdn.net/v/t15.5256-10/38743044_742667529405218_2571261426781913088_n.jpg?_nc_cat=110&_nc_ohc=IwbhkaJKGQUAX9AABkW&_nc_ht=scontent.xx&oh=ec49300d62930e2e81f5e97cc2a68141&oe=5EA23FE1	30873	69	302	4	12	2018
79	2018-09-03T08:14:18+0000	1535973258.0	211857482296579_1850661045013730	"- Relembrando, um bate papo bacana com a jornalista Leda Nagle: 

. Link no youtube: https://youtu.be/BS-jERxveRM"	8901	added_video	https://scontent.xx.fbcdn.net/v/t15.5256-10/38852721_1850670218346146_7004633897866625024_n.jpg?_nc_cat=105&_nc_ohc=R7Uqe9lQe1sAX-5mTWi&_nc_ht=scontent.xx&oh=19f36a8fe4ae8744bc809db54d2d3fdc&oe=5E97D0FA	32286	56	163	7	28	2213
80	2018-09-04T23:22:43+0000	1536114163.0	211857482296579_670569609992657	"- Grato pela reflex√£o e confian√ßa, Andre Valadao! Um forte abra√ßo!

. Link no youtube: https://youtu.be/92V0wKqdrLE"	19242	added_video	https://scontent.xx.fbcdn.net/v/t15.5256-10/38960490_670570489992569_1485328574335418368_n.jpg?_nc_cat=105&_nc_ohc=E84yILhh83QAX89BRgh&_nc_ht=scontent.xx&oh=4a03293cfda84fb76fa87361c8b1e046&oe=5EA54329	33044	58	272	11	35	3932
81	2018-09-04T09:01:07+0000	1536062467.0	211857482296579_1950294451706634	- Chega de enfeites, palavras bonitas e eufemismos! Ou pegamos pesado na quest√£o da seguran√ßa, ou n√£o tem economia que funcione nem pa√≠s que prospere.	10046	added_video	https://scontent.xx.fbcdn.net/v/t15.5256-10/38800026_1950295201706559_4082377641892511744_n.jpg?_nc_cat=108&_nc_ohc=rheGJSHJb2oAX8BRwmx&_nc_ht=scontent.xx&oh=1642646b835478cbbda3e9a4beb0b985&oe=5ED21B5F	34994	54	207	5	9	2429
82	2018-09-05T22:13:30+0000	1536196410.0	211857482296579_517035062075400	- General Heleno exp√µe sua experi√™ncia de campo no Roda Viva.	9252	added_video	https://scontent.xx.fbcdn.net/v/t15.5256-10/38952505_517035815408658_2159141580810747904_n.jpg?_nc_cat=100&_nc_ohc=MEViuKAyzv4AX8oYGTP&_nc_ht=scontent.xx&oh=a1f374f37040f7bcd5e66950d52846e4&oe=5E993AAD	29850	28	268	2	15	1807
83	2018-09-05T18:58:42+0000	1536184722.0	211857482296579_664955710554762	- Mais verdades sobre a possibilidade de fraudes nas urnas eletr√¥nicas.	5889	added_video	https://scontent.xx.fbcdn.net/v/t15.5256-10/38671933_664957313887935_6332632349682958336_n.jpg?_nc_cat=107&_nc_ohc=9vMTF9Ey6uwAX_5EL3T&_nc_ht=scontent.xx&oh=1c49bb1193dd9d388f3a1e7a4c2c89f6&oe=5E9795E6	26767	371	118	22	49	1636
84	2018-09-05T15:24:40+0000	1536171880.0	211857482296579_549801618812016	- Distrito Federal (Parte 3)	7497	added_video	https://scontent.xx.fbcdn.net/v/t15.5256-10/38953001_549801692145342_3731574737608900608_n.jpg?_nc_cat=102&_nc_ohc=gvGLOoQ89WgAX-32KHe&_nc_ht=scontent.xx&oh=64c141dbf320743407fbcb0e72bb13a3&oe=5EA38B97	37021	371	177	21	104	7867
85	2018-09-05T13:03:43+0000	1536163423.0	211857482296579_252776078596678	- Distrito Federal (Parte 2)	19382	added_video	https://scontent.xx.fbcdn.net/v/t15.5256-10/38971273_252783255262627_280614888034795520_n.jpg?_nc_cat=109&_nc_ohc=8aNuJGBPRxAAX_TDFyB&_nc_ht=scontent.xx&oh=34a5f36771f83014bff9b13d244eff6c&oe=5EA9DC78	48338	256	497	18	135	9972
86	2018-09-05T12:51:04+0000	1536162664.0	211857482296579_260176718157562	- Distrito Federal (Parte 1)	14098	added_video	https://scontent.xx.fbcdn.net/v/t15.5256-10/38853414_260187431489824_3686325118251827200_n.jpg?_nc_cat=102&_nc_ohc=uyHsEJteKrEAX95JRiY&_nc_ht=scontent.xx&oh=9e8dc72e7a741336c8ebd1ec3facfe73&oe=5E8D329F	40148	377	305	27	120	8649
87	2018-09-06T11:35:49+0000	1536244549.0	211857482296579_237292110467336	- Caso poss√≠vel, pe√ßo sua colabora√ß√£o.	13599	added_video	https://scontent.xx.fbcdn.net/v/t15.5256-10/38952631_237292363800644_3445568540336193536_n.jpg?_nc_cat=109&_nc_ohc=pLfORSEZkIkAX-_a56V&_nc_ht=scontent.xx&oh=c48fc7738e65c06d7da21d755b2bf5ff&oe=5EA21E78	49215	131	220	18	51	5013
88	2018-09-09T13:52:35+0000	1536511955.0	211857482296579_165182034349193	"- Dif√≠cil n√£o se encantar e n√£o se emocionar. Muito obrigado pela homenagem, D√©bora Maciel!
- Logo estaremos 100%"	26752	added_video	https://scontent.xx.fbcdn.net/v/t15.5256-10/38951801_165182471015816_4101977978550878208_n.jpg?_nc_cat=107&_nc_ohc=Ii8ltZ4AlF8AX_HIIf_&_nc_ht=scontent.xx&oh=01270098f6a6f52c9b71cca9b4ed5b51&oe=5EA32EA9	53685	111	959	155	20	14445
89	2018-09-10T17:30:01+0000	1536611401.0	211857482296579_1906423086329989	"‚Ä™- Agrade√ßo a cada cidad√£o, pai, m√£e, filho e filha, pelos atos de solidariedade realizados nos √∫ltimos dias. Este apoio √© nosso combust√≠vel. 
-Tenho me comunicado menos por conta da recupera√ß√£o, sendo auxiliado por um de meus filhos. Muito obrigado a todos! 
-N√≥s vamos mudar o Brasil!‚Ä¨"	38413	added_video	https://scontent.xx.fbcdn.net/v/t15.5256-10/38944792_1906423782996586_5287652070533365760_n.jpg?_nc_cat=102&_nc_ohc=EASmF7AVTpQAX8Aawd-&_nc_ht=scontent.xx&oh=a662de8263ef960dc025abf65e8c7afe&oe=5E9ABBFE	68227	105	697	14	24	11060
90	2018-09-11T09:50:08+0000	1536670208.0	211857482296579_583362432066391	- Nada apagar√° a chama da esperan√ßa que presenciamos nos olhos de cada um presente neste grande dia! Obrigado Juiz de Fora! Obrigado Minas Gerais!	15654	added_video	https://scontent.xx.fbcdn.net/v/t15.5256-10/38951878_583362875399680_2005379367907098624_n.jpg?_nc_cat=106&_nc_ohc=AytOcazOpLEAX-0eH3Y&_nc_ht=scontent.xx&oh=8f080b6ff426500491fbab0500405db2&oe=5ED28EB0	44150	85	929	37	17	6269
91	2018-09-12T22:27:22+0000	1536802042.0	211857482296579_463658817454334	"- Meu filho, Eduardo Bolsonaro, reuniu as informa√ß√µes e entregou esta bacana homenagem!
- Vamos sair dessa!
- Muito Obrigado a todos!"	35114	added_video	https://scontent.xx.fbcdn.net/v/t15.5256-10/38982409_463659464120936_1998335084670746624_n.jpg?_nc_cat=103&_nc_ohc=31b_agAEGMoAX-2JeM8&_nc_ht=scontent.xx&oh=0e1b96fb9922b26ae5f1e98fb0c440c2&oe=5E90BAA5	73534	148	604	22	31	11247
92	2018-09-12T00:00:12+0000	1536721212.0	211857482296579_2174223122866093	- Muito obrigado pelas valiosas palavras, Professor Olavo de Carvalho ! Que Deus continue aben√ßoando seu brilhante trabalho que desperta a paix√£o pela cultura no cora√ß√£o de tantos brasileiros. Um forte abra√ßo!	20686	added_video	https://scontent.xx.fbcdn.net/v/t15.5256-10/38952991_2174223402866065_7914846903655727104_n.jpg?_nc_cat=105&_nc_ohc=qjpc-K0hfNcAX_ijs9D&_nc_ht=scontent.xx&oh=93e41b7ae3cfef1411d15aeaa5ebe587&oe=5ED7CD86	53886	68	478	6	20	7409
93	2018-09-14T20:26:13+0000	1536967573.0	211857482296579_427785287625544	"- Vamos mudar o Brasil!

. Inscreva-se em nosso canal do youtube: https://youtu.be/uvtWDB_aznA"	16773	added_video	https://scontent.xx.fbcdn.net/v/t15.5256-10/38980370_427786007625472_4382443985839325184_n.jpg?_nc_cat=110&_nc_ohc=1pSq_hh2MzMAX-upxu8&_nc_ht=scontent.xx&oh=71aa850fe3e75289a719729397308161&oe=5E9AB6BE	44845	68	246	1	24	4688
94	2018-09-15T03:19:11+0000	1536992351.0	211857482296579_313128469242757	A rejei√ß√£o s√≥ aumenta a cada dia!	34561	added_video	https://scontent.xx.fbcdn.net/v/t15.5256-10/38959474_313128619242742_821224895483478016_n.jpg?_nc_cat=102&_nc_ohc=i_yhG_MPex8AX97RjOj&_nc_ht=scontent.xx&oh=ef29006be043a9bd412facaa62f651cc&oe=5E9B8C5E	59083	1115	1280	9	26	9363
95	2018-09-17T17:38:50+0000	1537216730.0	211857482296579_309715023153373	"- Seguimos firmes na recupera√ß√£o e em breve na ativa completa!

. No youtube: https://youtu.be/a6WgjW7go3M"	4460	added_video	https://scontent.xx.fbcdn.net/v/t15.5256-10/38961383_309715633153312_6842542588029829120_n.jpg?_nc_cat=106&_nc_ohc=u81OlA8fGwgAX-vFF5a&_nc_ht=scontent.xx&oh=0e238028cee355d2a93a0d53b693ef6b&oe=5ED946E7	49180	84	239	19	12	5488
96	2018-09-17T02:18:58+0000	1537161538.0	211857482296579_242130903165177	"- Agrade√ßo aos movimentos espont√¢neos espalhados por todo o Brasil neste final de semana por minha recupera√ß√£o. Tenham certeza que isso nos d√° for√ßas para cumprir nossa miss√£o! Vamos mudar o Brasil! Muito obrigado a todos! üëçüèª

. No youtube: https://youtu.be/BxO378zcjwY"	15984	added_video	https://scontent.xx.fbcdn.net/v/t15.5256-10/38971030_242131336498467_5114558304319700992_n.jpg?_nc_cat=101&_nc_ohc=rVlRMbRyH9YAX_V30L_&_nc_ht=scontent.xx&oh=ad68522cc2e0ec585198e7ce336b2845&oe=5E9BF17C	56278	101	703	9	23	7253
97	2018-09-21T10:54:44+0000	1537538084.0	211857482296579_585864398483353	"- Menos impostos e desburocratiza√ß√£o! 
- √â preciso parar de sufocar quem produz.
- Enquanto os advers√°rios mentem e se preocupam somente com o poder a qualquer custo, nosso time foca no futuro do pa√≠s!

. V√≠deo em nosso canal no youtube: https://youtu.be/2kt0puqbOr0"	21892	added_video	https://scontent.xx.fbcdn.net/v/t15.5256-10/38983629_585865485149911_293917415362789376_n.jpg?_nc_cat=105&_nc_ohc=B7T9MOGySYIAX9xKZqy&_nc_ht=scontent.xx&oh=cc59334314a56cf7b6d5a7e0d380e95f&oe=5E9D0BB3	48532	59	240	4	27	5021
98	2018-09-22T17:15:14+0000	1537647314.0	211857482296579_267585867417100	"- H√° tempos temos percorrido o Brasil, de Norte a Sul, conhecendo as peculiaridades de cada regi√£o. N√£o nos importamos com nosso pa√≠s apenas em per√≠odos eleitorais com o oportunismo pol√≠tico habitual. Sempre constru√≠mos a confian√ßa no olho a olho!
- Juntos vamos resgatar nossa na√ß√£o!"	5607	added_video	https://scontent.xx.fbcdn.net/v/t15.5256-10/38970939_267586327417054_6537234769074192384_n.jpg?_nc_cat=111&_nc_ohc=N4AuqVKZ2NsAX_mJPr3&_nc_ht=scontent.xx&oh=7746ee41a85a50d7f9a8f610442b2fca&oe=5E9142D1	34042	38	230	6	12	3431
99	2018-09-23T00:50:26+0000	1537674626.0	211857482296579_274868793357950	"- Manifesta√ß√µes pelo Brasil. Muito obrigado pelo apoio, confian√ßa e considera√ß√£o!

. Nosso canal no youtube: https://youtu.be/SuOKr3Vzt5U"	9304	added_video	https://scontent.xx.fbcdn.net/v/t15.5256-10/38973177_274869346691228_1004293538558509056_n.jpg?_nc_cat=108&_nc_ohc=EmpL4yaRhakAX_ms-lV&_nc_ht=scontent.xx&oh=5b916b63505624140ca20d2c2a4ffc6a&oe=5E962FE4	41266	64	475	4	14	4504
100	2018-09-24T18:53:58+0000	1537826038.0	211857482296579_711796469182929	"- Carlos Verezza visita Jair Bolsonaro.

. V√≠deo em nosso canal do youtube: https://youtu.be/lzA1NiByyNQ"	43192	added_video	https://scontent.xx.fbcdn.net/v/t15.5256-10/38983154_711796822516227_1105445567477055488_n.jpg?_nc_cat=104&_nc_ohc=hC76p3MnQmsAX959fr2&_nc_ht=scontent.xx&oh=814f36522f1e2c52d9c74e1bcd101c40&oe=5E9ABF38	85293	89	696	13	34	8836
101	2018-09-25T22:15:03+0000	1537924503.0	211857482296579_456891271469949	#EleSim: MUITO OBRIGADO PELA HOMENAGEM.	29991	added_video	https://scontent.xx.fbcdn.net/v/t15.5256-10/40635126_456893551469721_6306333221252497408_n.jpg?_nc_cat=104&_nc_ohc=GHY3-5cKGosAX-U8uoV&_nc_ht=scontent.xx&oh=c2a370b3113330a34a63f0552e9e737d&oe=5E8F5A89	56571	1147	298	12	35	9091
102	2018-09-26T23:19:49+0000	1538014789.0	211857482296579_148432459432230	- √öltima entrevista antes do atentado. 06/set/18	19959	added_video	https://scontent.xx.fbcdn.net/v/t15.5256-10/38979667_148433362765473_834682664404385792_n.jpg?_nc_cat=109&_nc_ohc=GvOSxtAHHEYAX_mk65l&_nc_ht=scontent.xx&oh=e20cb5d9b39ce0801b0599fa606d9184&oe=5ED2E14F	43583	130	161	910	38	4167
103	2018-09-27T19:17:57+0000	1538086677.0	211857482296579_724232564593828	"- Grato pela considera√ß√£o de sempre Jana√≠na Paschoal.
- Vamos juntos mudar os rumos do nosso grande Brasil.
- Um forte abra√ßo!"	12810	added_video	https://scontent.xx.fbcdn.net/v/t15.5256-10/38973122_724233331260418_8972948183340548096_n.jpg?_nc_cat=106&_nc_ohc=D8BGmWsIoRkAX97wGfR&_nc_ht=scontent.xx&oh=57c5eb8c17ee5156a27435ea3b480b00&oe=5E9B6A48	46699	102	425	10	75	4325
104	2018-09-28T00:27:04+0000	1538105224.0	211857482296579_357794801433485	"- Obrigado pela homenagem mulheres de Minas Gerais!
- Ap√≥s o ocorrido nosso carinho por voc√™s s√≥ aumentou!
- Muito obrigado por mais este apoio!"	10595	added_video	https://scontent.xx.fbcdn.net/v/t15.5256-10/38979447_357795421433423_4139993133519732736_n.jpg?_nc_cat=111&_nc_ohc=NV9gEryuA2kAX_nekbq&_nc_ht=scontent.xx&oh=18bb1e8984543a5372bb79148d655c4c&oe=5E920D67	49020	130	493	8	51	6507
105	2018-09-28T00:04:01+0000	1538103841.0	211857482296579_240023423338384	"- Muito Obrigado Cear√°!
- Nesta quarta-feira, em Canind√©."	24598	added_video	https://scontent.xx.fbcdn.net/v/t15.5256-10/40559545_240023946671665_4473170711791271936_n.jpg?_nc_cat=106&_nc_ohc=v2lfC-Kd-AQAX9Y6iWK&_nc_ht=scontent.xx&oh=c70435e60a4e2f40cb20246d159e0b2b&oe=5E904238	62459	134	1113	10	32	7004
106	2018-09-29T15:16:24+0000	1538244984.0	211857482296579_2303934152954977	- O Jornal O Globo mente ao dizer que omiti im√≥vel em 2010 junto ao TSE.	43556	added_video	https://scontent.xx.fbcdn.net/v/t15.5256-10/40631411_2303935046288221_5535716144461119488_n.jpg?_nc_cat=104&_nc_ohc=rB1xTbdpGoEAX-QmuYl&_nc_ht=scontent.xx&oh=9a541993e824981b5061535e220f55f4&oe=5EA2B188	79706	1550	218	73	172	5518
107	2018-09-30T23:53:17+0000	1538362397.0	211857482296579_698389430527902	"- Av. Paulista assiste mensagem de Jair Bolsonaro via Eduardo Bolsonaro.

- Meus sinceros agradecimentos a todo Brasil!

. YOUTUBE: https://youtu.be/6HFw4ikfOsU"	28920	added_video	https://scontent.xx.fbcdn.net/v/t15.5256-10/38981750_698391590527686_7700319918650032128_n.jpg?_nc_cat=107&_nc_ohc=wpw5_D-8BPwAX-xIG_t&_nc_ht=scontent.xx&oh=47f79311b3fe3586e951d1621d752798&oe=5E9B3068	68174	97	1102	9	16	11241
108	2018-09-30T21:28:39+0000	1538353719.0	211857482296579_895617414160034	"- Obrigado An√°polis!
- Um forte abra√ßo a todos de Goi√°s!"	15246	added_video	https://scontent.xx.fbcdn.net/v/t15.5256-10/41658582_895618740826568_8315193342325424128_n.jpg?_nc_cat=106&_nc_ohc=mqC09irGMRUAX9pbv2V&_nc_ht=scontent.xx&oh=44970fb81a4df09fdf3b134534d2b296&oe=5EA6B4D5	55676	85	514	4	25	6794
109	2018-09-30T19:41:12+0000	1538347272.0	211857482296579_1143774512437152	"- Obrigado Vit√≥ria!
- Um forte abra√ßo Esp√≠rito Santo!"	54717	added_video	https://scontent.xx.fbcdn.net/v/t15.5256-10/40601285_1143775042437099_4200147453330063360_n.jpg?_nc_cat=108&_nc_ohc=sAT5lo1vDa0AX8-WleD&_nc_ht=scontent.xx&oh=725b52967e4fab6072dfe5717701c117&oe=5E8D8D4F	99152	249	3862	9	35	15436
110	2018-09-30T14:34:14+0000	1538328854.0	211857482296579_168451554032918	- Obrigado pela surpresa e considera√ß√£o, Kariny e Ila, a cantora e a compositora respectivamente! üå∑	23878	added_video	https://scontent.xx.fbcdn.net/v/t15.5256-10/40652205_168452854032788_8481887950865432576_n.jpg?_nc_cat=109&_nc_ohc=bHeGK-e09rAAX8euOKD&_nc_ht=scontent.xx&oh=50a531e87c653ec12edf66f529eed32f&oe=5EDA67EE	72951	1216	749	39	60	13752
111	2018-10-01T23:32:59+0000	1538447579.0	211857482296579_1965832073456066	"- Pol√≠tica e quest√µes nacionais. (Parte 2)
- Com Flavio Bolsonaro

. Link da live completa no youtube: https://youtu.be/6117jbeHBD0"	133701	added_video	https://scontent.xx.fbcdn.net/v/t15.5256-10/40412936_1965843260121614_2299106331535081472_n.jpg?_nc_cat=104&_nc_ohc=TbAA2n4RYg8AX9EeZup&_nc_ht=scontent.xx&oh=c71aaf79327473350268033dfaa9cf20&oe=5E8FA5C9	243267	1704	1127	215	980	96539
112	2018-10-01T02:30:12+0000	1538371812.0	211857482296579_241181330079864	"- Um forte abra√ßo Belo Horizonte - MG.
- Obrigado mulheres de todo Brasil!"	10562	added_video	https://scontent.xx.fbcdn.net/v/t15.5256-10/40928053_241181483413182_1200082440245215232_n.jpg?_nc_cat=109&_nc_ohc=nURgjs8id3kAX9qQnw0&_nc_ht=scontent.xx&oh=6e12128b8d37c6d5a6d749550b462d77&oe=5E9B286B	52854	152	475	8	30	7657
113	2018-10-01T01:20:01+0000	1538367601.0	211857482296579_1410927982375899	Macei√≥ - Alagoas üáßüá∑üëçüèª	13804	added_video	https://scontent.xx.fbcdn.net/v/t15.5256-10/38980941_1410928309042533_3367604704841302016_n.jpg?_nc_cat=101&_nc_ohc=9fsj8kJnqDwAX_pfUvJ&_nc_ht=scontent.xx&oh=44a4f29019b7e211cf5238024e345dbe&oe=5ED24978	48449	67	795	4	14	5684
114	2018-10-01T01:05:17+0000	1538366717.0	211857482296579_333487047196593	"- Um forte abra√ßo a Bahia!
- Meus sinceros agradecimentos!"	11371	added_video	https://scontent.xx.fbcdn.net/v/t15.5256-10/41033692_333487243863240_5362962316318998528_n.jpg?_nc_cat=109&_nc_ohc=NlouaCdJxe4AX_D9xQ9&_nc_ht=scontent.xx&oh=dc7affa8bd9957a31e2eb5e5948be150&oe=5EA134EB	47818	66	557	4	13	5871
115	2018-10-02T23:30:08+0000	1538533808.0	211857482296579_992566087592865	"- Temas do dia envolvendo mais fatos sobre a pol√≠tica nacional!

. Repasse a seus amigos que n√£o possuem facebook! Segue o link no youtube: https://youtu.be/W2ToU3iwsM0"	185502	added_video	https://scontent.xx.fbcdn.net/v/t15.5256-10/40851414_992580257591448_2620702620687269888_n.jpg?_nc_cat=100&_nc_ohc=biU0h6f1S08AX_hwep8&_nc_ht=scontent.xx&oh=d9f68fe495fef23fe8dba51677c2228b&oe=5EDBBE8A	315635	2352	1423	205	1498	120498
116	2018-10-03T23:28:38+0000	1538620118.0	211857482296579_1937706766320543	"- Nova live: Temas de relev√¢ncia nacional!
. Youtube: https://youtu.be/IGaGmQZnxPw"	149676	added_video	https://scontent.xx.fbcdn.net/v/t15.5256-10/41768453_1937758552982031_3990429349932171264_n.jpg?_nc_cat=101&_nc_ohc=nMbGisIhTE4AX9BLQk3&_nc_ht=scontent.xx&oh=f280bcbfb74f18b8b51889529c60e2f6&oe=5ED1C405	260078	1837	1059	217	1358	98404
117	2018-10-03T20:23:55+0000	1538609035.0	211857482296579_261038144548191	"- Uma m√£e fala o que realmente preocupa a todos!
- Estamos no mesmo barco, e se Deus permitir, vamos mudar a dire√ß√£o do nosso Brasil."	40770	added_video	https://scontent.xx.fbcdn.net/v/t15.5256-10/38953717_261038707881468_3631099784514764800_n.jpg?_nc_cat=107&_nc_ohc=Fh7oci1PtokAX_0uPph&_nc_ht=scontent.xx&oh=7fd4faa5446c21ff4a1b63e54e1a1a33&oe=5ED9F75C	64609	131	351	7774	232	2468
118	2018-10-03T17:31:21+0000	1538598681.0	211857482296579_160776478192934	"- A Opera√ß√£o Lava-Jato, a liberdade da m√≠dia e da internet, desfazendo boatos e nosso estado de sa√∫de! 
- ‚ÄúJuntos, impediremos que o Brasil se torne uma Venezuela como querem os partidos de esquerda!‚Äù"	9316	added_video	https://scontent.xx.fbcdn.net/v/t15.5256-10/38983931_160777268192855_4474953492586299392_n.jpg?_nc_cat=101&_nc_ohc=t0NUJr4axWEAX_KB92h&_nc_ht=scontent.xx&oh=33c34544c70248ac10452f3730cbbfea&oe=5E9B784C	45165	59	319	50	29	2718
119	2018-10-03T15:11:48+0000	1538590308.0	211857482296579_748013365533287	"- Junta m√©dica do Hospital Albert Einstein pro√≠be Jair Bolsonaro de participar de debate.

. Link no youtube: https://youtu.be/n70_-k4PKtU"	11900	added_video	https://scontent.xx.fbcdn.net/v/t15.5256-10/42176984_748015522199738_3499868068102799360_n.jpg?_nc_cat=110&_nc_ohc=od3t43GvrWwAX_m-J7B&_nc_ht=scontent.xx&oh=f0ed403d486f2a92dcb40d97a1a0942c&oe=5E8F2397	44362	183	118	3551	54	1817
120	2018-10-04T23:29:43+0000	1538706583.0	211857482296579_240260886640651	"- Bolsonaro ao vivo

. No Youtube: https://youtu.be/wqjiPtshOzs"	347227	added_video	https://scontent.xx.fbcdn.net/v/t15.5256-10/38991264_240266743306732_4585338313916809216_n.jpg?_nc_cat=110&_nc_ohc=4nJFdQnYLNQAX-koH5A&_nc_ht=scontent.xx&oh=2024b9ec16c8796fe5c053b9db2df68b&oe=5E958AED	489789	5610	2372	679	4714	210584
121	2018-10-04T16:08:16+0000	1538680096.0	211857482296579_282841819021809	"- At√© que ponto chegar√£o para nos caluniar?
. Assista mais esta:
. Via Eduardo Bolsonaro"	45161	added_video	https://scontent.xx.fbcdn.net/v/t15.5256-10/42026557_282842202355104_6236021771938562048_n.jpg?_nc_cat=100&_nc_ohc=GZ4QvbwXUjQAX9qo2p0&_nc_ht=scontent.xx&oh=ae8fe519f7275f630bfe77b0cacad2b3&oe=5ED8F26C	74709	125	450	3361	5682	947
122	2018-10-05T20:14:44+0000	1538781284.0	211857482296579_498905767293191	"- Entrevista para a CBN - PE.
- Se poss√≠vel, ou√ßa e repasse!
- Um abra√ßo a todos!"	10711	added_video	https://scontent.xx.fbcdn.net/v/t15.5256-10/40730911_498906620626439_4087191076165648384_n.jpg?_nc_cat=105&_nc_ohc=3GNqqBQRCKkAX8szus1&_nc_ht=scontent.xx&oh=bb7321cd3507d5e4cb7ace8d771a6495&oe=5ED676B0	41032	414	109	3	44	3863
123	2018-10-05T09:14:18+0000	1538741658.0	211857482296579_309735796508915	"- Imagens impressionantes de Juiz de Fora/MG, momentos antes do atentado. 
- Saudades!
- Um bom dia a todos!"	10409	added_video	https://scontent.xx.fbcdn.net/v/t15.5256-10/38990588_309736053175556_3552436333207093248_n.jpg?_nc_cat=105&_nc_ohc=SVbSztDXi_EAX9pIezn&_nc_ht=scontent.xx&oh=7849b8ccff6d522a9d4f85235a2a63bb&oe=5EA46314	49663	103	1694	75	30	6121
124	2018-10-05T01:29:56+0000	1538713796.0	211857482296579_260305241291766	"‚Ä™- Muito honrado com mais esta men√ß√£o Emerson Fittipaldi . O senhor √© um √≠dolo n√£o s√≥ para mim mas para muitas gera√ß√µes! Muito obrigado pela confian√ßa e considera√ß√£o! 
- Meus parab√©ns pelo dia 04/10! Um gigantesco dia na hist√≥ria automobil√≠stica do Brasil! üèÅüëçüèª‚Ä¨"	15541	added_video	https://scontent.xx.fbcdn.net/v/t15.5256-10/41674433_260305567958400_7501910601581461504_n.jpg?_nc_cat=100&_nc_ohc=4vUMjVhUe2UAX9Q7Hwt&_nc_ht=scontent.xx&oh=33bba8b8534fa921da80ae99c685a731&oe=5ED16101	68689	87	571	5	53	7039
125	2018-10-06T21:20:24+0000	1538871624.0	211857482296579_2177537929190224	"- Ratinho fala quem √© seu candidato ao Senado por S√£o Paulo: Major Olimpio (177).

- Para ter acesso a nossos candidatos pelo Brasil, acesse: https://www.bolsonaro.com.br/vote
- Forte abra√ßo a todos!"	8945	added_video	https://scontent.xx.fbcdn.net/v/t15.5256-10/40696960_2177539535856730_5869001925843746816_n.jpg?_nc_cat=106&_nc_ohc=bzDEeuS4NlAAX9keC2X&_nc_ht=scontent.xx&oh=992c522d990b8aa927932ec105b98123&oe=5EA11D89	52287	68	310	4	43	4472
126	2018-10-06T20:30:02+0000	1538868602.0	211857482296579_2155981401324806	"- Agora em Florian√≥polis.
- Obrigado Santa Catarina!"	14088	added_video	https://scontent.xx.fbcdn.net/v/t15.5256-10/40615833_2155981824658097_2770402941285171200_n.jpg?_nc_cat=110&_nc_ohc=WSDaJcAbnf4AX88azQR&_nc_ht=scontent.xx&oh=33a76be74169b46f973ce073b1ab42a6&oe=5E96DAC8	58489	98	576	5	49	7568
127	2018-10-06T10:12:29+0000	1538831549.0	211857482296579_247024259269492	"- M√£e de Greg√≥rio Duviver espalha fake news dizendo que Jair e Eduardo Bolsonaro teriam votado contra deficientes, quando na verdade votamos a favor do PL 7699/06. assista v√≠deo desmentindo-a, ent√£o ela deletou seu post. N√£o acredite em aliados do PT e PSOListas.

. Via Eduardo Bolsonaro"	20939	added_video	https://scontent.xx.fbcdn.net/v/t15.5256-10/40763912_247024705936114_8487341584373776384_n.jpg?_nc_cat=107&_nc_ohc=KcvQEn3woy8AX_ywN1L&_nc_ht=scontent.xx&oh=01a84681e28b97ffb749f124762da27c&oe=5EA7FF90	52264	93	234	356	3704	1448
128	2018-10-08T23:02:34+0000	1539050554.0	211857482296579_490257078156400	- Estamos entre lado do crime e o lado correto. O PT elevou a corrup√ß√£o a um grau diferente. Os crimes em seu governo n√£o foram excess√£o, mas a regra para governar. No mensal√£o, Joaquim Barbosa foi enf√°tico no STF ao afirmar que fui o √∫nico que n√£o foi comprado por eles.	27339	added_video	https://scontent.xx.fbcdn.net/v/t15.5256-10/41953391_490258164822958_6531152150490251264_n.jpg?_nc_cat=100&_nc_ohc=I7wQodnG_30AX-2yPVw&_nc_ht=scontent.xx&oh=ae0ce3182bc5aad12b32900f795d0ac4&oe=5E9FEFAF	61648	87	797	26	61	5128
129	2018-10-08T14:26:43+0000	1539019603.0	211857482296579_164950694443417	"- Entrevista √† R√°dio Jovem Pan hoje pela manh√£.

- Bom dia a todos!

. Link no youtube: https://youtu.be/cQIJEqMxk_g"	23143	added_video	https://scontent.xx.fbcdn.net/v/t15.5256-10/41294742_164954544443032_3308377269038219264_n.jpg?_nc_cat=108&_nc_ohc=0cwmZCTTmiUAX9LXCO2&_nc_ht=scontent.xx&oh=985782d87b8d42942476812ea26c3e86&oe=5E9DD51C	72915	120	431	15	51	7758
130	2018-10-08T00:28:34+0000	1538969314.0	211857482296579_250825412292718	"Bolsonaro fala ao Brasil. Estamos no segundo turno!

. Link no youtube: https://youtu.be/W03TbRU7So0"	237912	added_video	https://scontent.xx.fbcdn.net/v/t15.5256-10/42026925_250832358958690_6737657631235637248_n.jpg?_nc_cat=110&_nc_ohc=RfytWEzdX1AAX-4OtOs&_nc_ht=scontent.xx&oh=65d7f0548422650285a7c0593b1bbe30&oe=5ED0D156	456276	3044	1297	6279	3350	219737
131	2018-10-09T02:09:52+0000	1539061792.0	211857482296579_239262183610058	"- Trecho de meu recado aos brasileiros exibido no Jornal Nacional (08/10/2018):

. Link da entrevista completa em nosso canal no youtube: https://youtu.be/qO_5C9PsVv8"	41594	added_video	https://scontent.xx.fbcdn.net/v/t15.5256-10/40705565_239265513609725_8796876059170570240_n.jpg?_nc_cat=111&_nc_ohc=p9ZMNjmSnWUAX8curhH&_nc_ht=scontent.xx&oh=2a0429d87b4515c75c87f1210fc22208&oe=5ED99D1F	95638	182	607	11	104	16764
132	2018-10-10T17:13:08+0000	1539202388.0	211857482296579_1859612907440247	- Em entrevista, lamentei e pedi para que eleitores n√£o pratiquem viol√™ncia. Os jornais publicaram apenas uma fala isolada para manipular a opini√£o p√∫blica. Esqueceram que quem levou uma facada por motiva√ß√µes pol√≠ticas fui eu. Essa desinforma√ß√£o est√° a servi√ßo de quem?	14103	added_video	https://scontent.xx.fbcdn.net/v/t15.5256-10/42128337_1859613710773500_451055996547104768_n.jpg?_nc_cat=103&_nc_ohc=kTWe6u-HkRwAX8Cof8g&_nc_ht=scontent.xx&oh=67d10f952d39008ec6961bc38a14fb92&oe=5ED9BE35	48639	113	93	1390	128	2668
133	2018-10-10T15:13:17+0000	1539195197.0	211857482296579_174758393437973	"- Hoje, M√©dicos do hospital Albert Einstein fizeram nova avalia√ß√£o de estado de sa√∫de de Jair Messias BoIsonaro.
- Assista ao que os profissionais explicaram:

. Link no youtube: https://youtu.be/l-7Yht31teg"	7951	added_video	https://scontent.xx.fbcdn.net/v/t15.5256-10/41419164_174759950104484_4765526275181772800_n.jpg?_nc_cat=100&_nc_ohc=az4cakC5xWMAX9iqI5H&_nc_ht=scontent.xx&oh=2c266f9d67bbc786f6b7e15ed0fb8a2a&oe=5EA25100	39722	145	72	2148	59	1322
134	2018-10-10T01:16:08+0000	1539144968.0	211857482296579_319960088582653	- Participa√ß√£o virtual de Jair Bolsonaro hoje no P√¢nico na Jovem Pan. Assista:	52873	added_video	https://scontent.xx.fbcdn.net/v/t15.5256-10/41815164_319960558582606_7585029256825012224_n.jpg?_nc_cat=109&_nc_ohc=JZeIIkGOLjgAX-Hovvu&_nc_ht=scontent.xx&oh=67db292308cb993540a129196bd9ac8a&oe=5E9857DF	90771	3495	205	15	69	11507
135	2018-10-11T22:59:34+0000	1539309574.0	211857482296579_2158855724365703	"- Bolsonaro comenta o perigoso escrito Plano de Governo do PT.‚Ä¨

. Link no youtube: https://youtu.be/9q9ZNMRe5rw"	136074	added_video	https://scontent.xx.fbcdn.net/v/t15.5256-10/41548117_2158867437697865_6602429224416444416_n.jpg?_nc_cat=102&_nc_ohc=thBQYvVhtBgAX-XHuCc&_nc_ht=scontent.xx&oh=c288df06fce3eec480997d2fd80b36c5&oe=5ED9918B	208432	2052	1026	190	834	80625
136	2018-10-11T21:54:58+0000	1539305698.0	211857482296579_179698166265314	"- Um resumo de nossas propostas exibidas nesta quinta (11/10) no Jornal Hoje.

- Nossa campanha est√° do lado da verdade. Temos propostas, autonomia e totais condi√ß√µes de fazer do nosso Brasil um grande pa√≠s!"	11415	added_video	https://scontent.xx.fbcdn.net/v/t15.5256-10/40959879_179698766265254_3925579058909282304_n.jpg?_nc_cat=106&_nc_ohc=3wRIvzzrhcYAX9TE4Fd&_nc_ht=scontent.xx&oh=99f5d29aa6f02442862207c2834e7f9e&oe=5ED9E2EC	42788	82	262	4	18	3612
137	2018-10-11T15:09:18+0000	1539281358.0	211857482296579_280011286174864	"Felipe Moura Brasil fala do atual cen√°rio pol√≠tico brasileiro:

. Inscreva-se gratuitamente em nosso canal do youtube: https://youtu.be/h0TJJ0M18n4"	19294	added_video	https://scontent.xx.fbcdn.net/v/t15.5256-10/40850757_280016822840977_760835138450882560_n.jpg?_nc_cat=111&_nc_ohc=UozYQ7t-lk4AX_TPrq3&_nc_ht=scontent.xx&oh=70155074a22446554f7c9e6877c63454&oe=5E9B43DC	45244	70	412	4	18	4034
138	2018-10-11T13:07:31+0000	1539274051.0	211857482296579_347058056038010	Assista e tire suas conclus√µes:	31648	added_video	https://scontent.xx.fbcdn.net/v/t15.5256-10/41389832_347058569371292_6685600578908717056_n.jpg?_nc_cat=111&_nc_ohc=gombt7e3JQIAX_p1PmO&_nc_ht=scontent.xx&oh=555a4328e68f4896ef037575ee473b67&oe=5EA652A9	27407	368	410	5596	15558	175
139	2018-10-11T02:23:52+0000	1539235432.0	211857482296579_877965312411098	"- Band: General Heleno fala sobre o Plano de Governo de Bolsonaro.

. Link da entrevista no youtube: https://youtu.be/oVmS5YFB7ho"	9898	added_video	https://scontent.xx.fbcdn.net/v/t15.5256-10/40800470_877967132410916_5637726015787630592_n.jpg?_nc_cat=106&_nc_ohc=HAx68hJ0g1QAX_lOGeY&_nc_ht=scontent.xx&oh=7804f9291767fb37bb9fd21da80b58d4&oe=5ED49E56	35009	49	326	3	18	2874
140	2018-10-12T23:00:16+0000	1539396016.0	211857482296579_697415117297789	"- 12/10/2018 - Live com Bolsonaro e Luiz Philippe de Orleans e Bragan√ßa: O PT camale√£o.

. Link no youtube: https://youtu.be/vsMDEgvwTAM"	102173	added_video	https://scontent.xx.fbcdn.net/v/t15.5256-10/41305754_697422057297095_5968813276425879552_n.jpg?_nc_cat=111&_nc_ohc=ojf_7himu3sAX9e_qzx&_nc_ht=scontent.xx&oh=86a914dc715dc29ae2360b87f8aec6f8&oe=5E8F17BE	198109	1548	861	169	804	75367
141	2018-10-12T22:14:16+0000	1539393256.0	211857482296579_490993078048687	Uma cidad√£ brasileira fala ao Brasil:	22221	added_video	https://scontent.xx.fbcdn.net/v/t15.5256-10/41368191_490993844715277_2433610069997256704_n.jpg?_nc_cat=106&_nc_ohc=bqpXwVVO9HcAX8-szKZ&_nc_ht=scontent.xx&oh=5b1b4d6016602e24a22e09e3ca0de7a6&oe=5EA775AE	48585	183	1027	59	56	7269
142	2018-10-12T17:23:12+0000	1539375792.0	211857482296579_186224732272359	- P√°gina 33 do Plano de governo do PT: reduzir a massa carcer√°ria do Brasil atrav√©s de libera√ß√£o de presidi√°rios:	19937	added_video	https://scontent.xx.fbcdn.net/v/t15.5256-10/42026677_186226282272204_7979116738438496256_n.jpg?_nc_cat=106&_nc_ohc=mmDV7cpDge4AX-WK4xu&_nc_ht=scontent.xx&oh=770ae138840c9b994fd442cfc6de1bb5&oe=5E97064C	31732	550	517	2142	13306	165
143	2018-10-12T13:02:57+0000	1539360177.0	211857482296579_251081645592026	- Em entrevista isenta para a RedeTV, Bolsonaro fala sobre pontos de seu Plano de Governo.	20143	added_video	https://scontent.xx.fbcdn.net/v/t15.5256-10/40713470_251082225591968_3019502879720341504_n.jpg?_nc_cat=107&_nc_ohc=mAh1saV6aPYAX8LRJut&_nc_ht=scontent.xx&oh=5a6be4eb503ce6738d6b36952bde4a96&oe=5E9F1771	53850	117	328	2	42	4949
144	2018-10-13T17:18:07+0000	1539461887.0	211857482296579_1699687413468529	"Por Nando Moura - NORDESTINOS NAS ELEI√á√ïES: Uma das muitas verdades reveladas. 

. Link no youtube: https://youtu.be/fLVBHaLCZFk"	6448	added_video	https://scontent.xx.fbcdn.net/v/t15.5256-10/42010241_1699711870132750_2333641351813398528_n.jpg?_nc_cat=100&_nc_ohc=Fm0mzknIDDAAX9z_Z9o&_nc_ht=scontent.xx&oh=0a31148fc67cb9a91cd58eb8a39ede98&oe=5EA0642C	34052	66	280	12	26	2627
145	2018-10-14T21:30:11+0000	1539563411.0	211857482296579_1736946453099030	"- Bolsonaro: MAIS VERDADES!

. Link no youtube: https://youtu.be/KGVTURYPRrU"	134112	added_video	https://scontent.xx.fbcdn.net/v/t15.5256-10/41144474_1736957469764595_1622055293380722688_n.jpg?_nc_cat=107&_nc_ohc=8XmtE2g3YHkAX8dIjCo&_nc_ht=scontent.xx&oh=b01cb701deb2f40e843efa75952fea5f&oe=5EA73DAF	226500	1626	932	195	997	88984
146	2018-10-14T14:19:11+0000	1539537551.0	211857482296579_257030224997931	"- Maquiador Lili Ferraz visita e apoia Jair Bolsonaro.

. Link no youtube: https://youtu.be/XmJtRKm6fyI"	20719	added_video	https://scontent.xx.fbcdn.net/v/t15.5256-10/42075387_257030568331230_3544570697604923392_n.jpg?_nc_cat=107&_nc_ohc=hat3EVGe84IAX_Inzmw&_nc_ht=scontent.xx&oh=ac82c9782c622fc1eccb862e280289af&oe=5E93168E	59093	352	459	6	44	6705
147	2018-10-14T00:43:54+0000	1539488634.0	211857482296579_599405457128860	"Esta amea√ßa vai ser transmitida pela m√≠dia ou s√≥ quando eu responder como defenderei minha fam√≠lia e propriedade, e ent√£o tentar√£o me imputar novamente como o maior vil√£o do universo?

- Com a palavra o Pi√ß√≥u, a prostituta do PT, sem querer ofender as prostitutas!"	56323	added_video	https://scontent.xx.fbcdn.net/v/t15.5256-10/42187873_599405870462152_4018499271903936512_n.jpg?_nc_cat=104&_nc_ohc=dZCCG8Hq7gUAX-62N94&_nc_ht=scontent.xx&oh=09151345b97b0c586451691b7dc1dba6&oe=5ED52B54	59332	4968	1242	1482	21341	640
148	2018-10-15T23:52:09+0000	1539658329.0	211857482296579_1772428579551027	- Vamos juntos mudar o Brasil!	14824	added_video	https://scontent.xx.fbcdn.net/v/t15.5256-10/42153399_1772429442884274_6763829340871327744_n.jpg?_nc_cat=101&_nc_ohc=4QRVVzUy_BEAX_NMcI_&_nc_ht=scontent.xx&oh=ce99e4499ba66142e96dab23fdaf3795&oe=5EA42419	59351	122	448	2	25	6954
149	2018-10-15T21:20:55+0000	1539649255.0	211857482296579_421721945025680	- A explica√ß√£o do porque Haddad tenta a todo custo se transformar num camale√£o!	11769	added_video	https://scontent.xx.fbcdn.net/v/t15.5256-10/41440424_421722245025650_7758840158023057408_n.jpg?_nc_cat=105&_nc_ohc=xPFMZN3yflAAX_riHmV&_nc_ht=scontent.xx&oh=19416fc96f11557dd767a92870426a2f&oe=5ED0856D	34666	5589	155	11	148	1449
150	2018-10-15T17:29:03+0000	1539635343.0	211857482296579_2207637286175019	"- Como de praxe, Jair Bolsonaro faz mais uma visita aos amigos dos BOPE.

. Link no youtube: https://youtu.be/5kcGJDXLRCk"	8041	added_video	https://scontent.xx.fbcdn.net/v/t15.5256-10/41880443_2207638689508212_3233127577996492800_n.jpg?_nc_cat=104&_nc_ohc=JHh-F0FdDUwAX-5GAjL&_nc_ht=scontent.xx&oh=0a0f89189f2c260731b927896f9a6721&oe=5EA26F96	51443	79	529	1	21	5684
151	2018-10-15T09:37:35+0000	1539607055.0	211857482296579_482469788932510	REDE RECORD: 14/10. O in√≠cio da segunda semana de Jair Bolsonaro no segundo turno das elei√ß√µes presidenciais.	7536	added_video	https://scontent.xx.fbcdn.net/v/t15.5256-10/42646507_482470738932415_8403527329111867392_n.jpg?_nc_cat=108&_nc_ohc=XW1irLj-4z4AX81whQR&_nc_ht=scontent.xx&oh=2ef71f2eba1c1cbcbd53645e69352180&oe=5ED520C6	41879	67	221	2	23	3532
152	2018-10-16T16:11:45+0000	1539717105.0	211857482296579_340205303450431	Visita de Karol Eller Agust√≠n e Eduardo Costa a Jair Bolsonaro (parte 2).	17074	added_video	https://scontent.xx.fbcdn.net/v/t15.5256-10/41454850_340213856782909_710285018349436928_n.jpg?_nc_cat=104&_nc_ohc=ta-LEZWKUV0AX_ftGUW&_nc_ht=scontent.xx&oh=2574f53eeef82728bafa9ede25f6f693&oe=5ED91920	72403	482	290	56	166	26870
153	2018-10-16T15:42:21+0000	1539715341.0	211857482296579_283021539205796	Visita de Karol Eller Agust√≠n e Eduardo Costa a Jair Bolsonaro (parte 1).	66916	added_video	https://scontent.xx.fbcdn.net/v/t15.5256-10/42013590_283026802538603_2727839205496455168_n.jpg?_nc_cat=105&_nc_ohc=XXPtG6-wRC4AX9L2KMB&_nc_ht=scontent.xx&oh=6e849efbcdcd3834dbb7db8ba2df9307&oe=5EA03754	132931	1923	629	82	366	53283
154	2018-10-16T13:40:38+0000	1539708038.0	211857482296579_729894440697267	"Via Eduardo Bolsonaro

BOLSONARO E NOSSA SENHORA APARECIDA, MAIS UMA FAKE NEWS

Circula no whatsapp que eu e Jair Bolsonaro ter√≠amos apoiado o PL 2623/07 que tiraria Nossa Senhora de Aparecida do posto de padroeira do Brasil. Mentira! Em 2007 nem deputado eu era, s√≥ para come√ßar essa ""est√≥ria"" sem p√© nem cabe√ßa."	10305	added_video	https://scontent.xx.fbcdn.net/v/t15.5256-10/40872162_729894887363889_8743507293766680576_n.jpg?_nc_cat=106&_nc_ohc=wWxKuKkxs5EAX-tjpi2&_nc_ht=scontent.xx&oh=31da3be495b868a7e65afd3df271ffcc&oe=5E9CDE55	32344	702	144	66	131	1711
155	2018-10-16T12:17:56+0000	1539703076.0	211857482296579_1998648213512406	O curr√≠culo de Andrade vai s√≥ aumentando...	22020	added_video	https://scontent.xx.fbcdn.net/v/t15.5256-10/43837201_1998651286845432_3115050985634922496_n.jpg?_nc_cat=100&_nc_ohc=ZrcSMNtVYbsAX-JG2nY&_nc_ht=scontent.xx&oh=0ac1eaec77ba0d60c6ddc85e2c185eee&oe=5EA4ACFC	33432	7734	309	30	135	1136
156	2018-10-16T01:47:59+0000	1539665279.0	211857482296579_333425983917537	"‚Ä™- Evento neste domingo, 14/10/2018.‚Ä¨
‚Ä™- Muito Obrigado Jo√£o Pessoa / PB.‚Ä¨
‚Ä™- Um forte abra√ßo ao Imenso Nordeste!‚Ä¨"	12328	added_video	https://scontent.xx.fbcdn.net/v/t15.5256-10/41707801_333426277250841_5854549506921594880_n.jpg?_nc_cat=109&_nc_ohc=l1osl8z7RbEAX_b3DKc&_nc_ht=scontent.xx&oh=75061f7f8c85aa149666ae9522ec4ab2&oe=5E96C83F	43390	80	1051	0	25	6221
157	2018-10-17T23:57:56+0000	1539831476.0	211857482296579_482174522271315	‚Ä™Haddad amea√ßa a justi√ßa e o povo brasileiro. O fingimento do apre√ßo pela democracia n√£o dura muito quando abrem a boca! Gostaria de uma opini√£o dos Tribunais deste pa√≠s ou vamos viver nesse mundo de faz de contas criado por alguns?‚Ä¨	35065	added_video	https://scontent.xx.fbcdn.net/v/t15.5256-10/43224946_482174795604621_6882384353934966784_n.jpg?_nc_cat=110&_nc_ohc=c-R9Z5IJNvoAX-A1Bed&_nc_ht=scontent.xx&oh=abf47bcfb85843a123b291eb59deed73&oe=5EA831B6	49778	11824	605	372	15108	347
158	2018-10-17T22:41:54+0000	1539826914.0	211857482296579_493965111107513	Os pontos que importam: PROPOSTAS! Analise e tire suas conclus√µes!	33500	added_video	https://scontent.xx.fbcdn.net/v/t15.5256-10/41376803_493965847774106_3600045375668355072_n.jpg?_nc_cat=106&_nc_ohc=AFP6Nb3CV7gAX9jyo3_&_nc_ht=scontent.xx&oh=89ad44a45c885cf441dc45b6677e6fcb&oe=5ED318D9	49238	184	418	6	51	4896
159	2018-10-17T15:24:33+0000	1539800673.0	211857482296579_706337839748415	‚Ä™Jair Bolsonaro visita Dom Orani Tempesta, Cardeal e Arcebispo do Rio de Janeiro!‚Ä¨	11208	added_video	https://scontent.xx.fbcdn.net/v/t15.5256-10/41872591_706338606415005_3471962905371475968_n.jpg?_nc_cat=107&_nc_ohc=TkSMmSq2oL8AX95PvJK&_nc_ht=scontent.xx&oh=1a980735f7eb4a8d430f56cefdf5a9e0&oe=5E9D90B4	42428	64	244	14	38	4107
160	2018-10-17T12:42:39+0000	1539790959.0	211857482296579_587190995069355	Bolsonaro, o inverso do poste do corrupto preso:	16249	added_video	https://scontent.xx.fbcdn.net/v/t15.5256-10/42010139_587192931735828_8744698318262632448_n.jpg?_nc_cat=108&_nc_ohc=Bn3NxWZRDLcAX8CIlsp&_nc_ht=scontent.xx&oh=4c39ebad0649f89f9e9b4efeffee4412&oe=5ED1F746	49376	801	157	4	19	4514
161	2018-10-18T23:00:00+0000	1539914400.0	211857482296579_580531589030275	"- Os c√£es ladram e a caravana passa!

. Inscreva-se em nosso canal no youtube e tenha acesso a nossos v√≠deos: https://youtu.be/m-F1jDvCMk4"	183922	added_video	https://scontent.xx.fbcdn.net/v/t15.5256-10/43784293_580548432361924_1383481976190664704_n.jpg?_nc_cat=102&_nc_ohc=ST6fchIw8-0AX_S6vBD&_nc_ht=scontent.xx&oh=956848718497f5d68872a85df8d36215&oe=5E979FFD	267760	3931	1000	271	1796	108454
162	2018-10-19T15:32:26+0000	1539973946.0	211857482296579_348654852373551	"- Enquanto na√ß√µes, principalmente as subdesenvolvidas crescem sua economia com a explora√ß√£o tur√≠stica, o Brasil mantem sua taxa est√°vel, com cerca de 5 milh√µes de turistas ao ano, h√° cerca de 20 anos, mesmo com o Minist√©rio do Turismo criado em 2003. 

- Cerca de 95% do turismo no Brasil tem inacreditavelmente o giro apenas interno, sendo apenas 5% de estrangeiros. A falta de infraestrutura, a vis√£o geral que o Brasil tem devido a viol√™ncia e o desinteresse pela especializa√ß√£o da l√≠ngua inglesa s√£o outros problemas.

- Al√©m de tudo mencionado, voc√™ sabia que atracar um navio, como os de cruzeiro, num porto brasileiro custa cerca de 20 vezes mais que em qualquer lugar do mundo, fora o problema da viol√™ncia que desencadeia todo um processo de desconfian√ßa e esvaziamento tur√≠stico?

- Solu√ß√µes: desburocratiza√ß√£o, combate ao crime e indica√ß√µes t√©cnicas sem o vi√©s meramente pol√≠tico.

- N√£o h√° m√°gicas! Precisamos principalmente de um governo s√©rio e comprometido com quem realmente interessa!

. Ba√≠a de Angra dos Reis"	6573	added_video	https://scontent.xx.fbcdn.net/v/t15.5256-10/41713284_348655972373439_6083371796650786816_n.jpg?_nc_cat=109&_nc_ohc=EB6DttoXNmQAX_K-ytW&_nc_ht=scontent.xx&oh=52eb2765f5d08728e367c34af873bbff&oe=5ED82F84	38986	65	704	60	32	2870
163	2018-10-19T11:32:15+0000	1539959535.0	211857482296579_312053526288551	"- R√°pida Entrevista sobre fatos do dia:

. Link no youtube: https://youtu.be/e3P3g-lzuJk"	15370	added_video	https://scontent.xx.fbcdn.net/v/t15.5256-10/43279660_312054096288494_313739655801470976_n.jpg?_nc_cat=103&_nc_ohc=UnhnOo9QyE4AX8D7AxC&_nc_ht=scontent.xx&oh=67de1bdaa2ff20b0195b374c6aa69b2b&oe=5ED94555	50549	168	337	9	41	4080
164	2018-10-20T21:35:56+0000	1540082156.0	211857482296579_1432248350238550	‚Ä™- O chefe da quadrilha, preso por corrup√ß√£o, enquanto presidente mais uma vez prestando exemplo lament√°vel a um humilde trabalhador brasileiro. Assista e tire suas conclus√µes:‚Ä¨	24499	added_video	https://scontent.xx.fbcdn.net/v/t15.5256-10/43325228_1432249326905119_8543217867649187840_n.jpg?_nc_cat=110&_nc_ohc=zlnz0emZoXIAX8oXWe2&_nc_ht=scontent.xx&oh=2d349cacdfe4492a9285bcbb36915a5f&oe=5ED6FF17	45596	4248	622	466	839	1299
165	2018-10-20T12:50:24+0000	1540050624.0	211857482296579_802702550078262	- De Norte a Sul: Sem fixa√ß√£o pelo poder, juntos seremos um gigante!	17314	added_video	https://scontent.xx.fbcdn.net/v/t15.5256-10/41615706_802703203411530_7141518671708422144_n.jpg?_nc_cat=104&_nc_ohc=FpfjRs3TFxMAX-2fLw9&_nc_ht=scontent.xx&oh=fa05078f33f937e5869af6a146bc1f25&oe=5EA439BC	45513	89	469	22	50	5397
166	2018-10-20T10:14:08+0000	1540041248.0	211857482296579_339194863551780	- Jos√© N√™umane Pinto fala sobre tentativa do PT de inviabilizar a candidatura de Bolsonaro.	58975	added_video	https://scontent.xx.fbcdn.net/v/t15.5256-10/42075461_339195510218382_2823124128700039168_n.jpg?_nc_cat=103&_nc_ohc=byIjxM3I28IAX8T5Q-Y&_nc_ht=scontent.xx&oh=f612f7ea537b46cbc7c8316dbd6d60eb&oe=5EA49983	67565	2220	237	13	68	4819
167	2018-10-22T22:46:53+0000	1540259213.0	211857482296579_1920948457991882	"- Entrevista sobre manifesta√ß√µes de apoio, coment√°rio de filho envolvendo o STF h√° 4 meses e sobre sua produ√ß√£o do dia!

. Youtube: youtu.be/3ruxcOZaCYE"	10534	added_video	https://scontent.xx.fbcdn.net/v/t15.5256-10/42710860_1920951507991577_5043928469080113152_n.jpg?_nc_cat=100&_nc_ohc=SUimrgJGknIAX-ruHyr&_nc_ht=scontent.xx&oh=ba32bead3d2c8158c9db8a4f79c649f1&oe=5ED24C34	46361	67	224	10	37	3438
168	2018-10-22T15:10:25+0000	1540231825.0	211857482296579_2263333750609616	‚Ä™- Confesso nunca ter visto nada parecido! Surpresa muito bacana! Um abra√ßo Mato Grosso do Sul! ‚Ä¨	31177	added_video	https://scontent.xx.fbcdn.net/v/t15.5256-10/41687998_2263334673942857_149852525648936960_n.jpg?_nc_cat=101&_nc_ohc=45GkTANeltcAX8Vi1_r&_nc_ht=scontent.xx&oh=ce6bcd47adab3490f822259ade6f3f21&oe=5E9FAD97	67751	261	2818	8	28	9717
169	2018-10-22T01:03:50+0000	1540181030.0	211857482296579_493869874443030	- Ningu√©m resiste ao carinho de uma crian√ßa! Faz parte de nosso dever preservar a inoc√™ncia de todas elas. Visita que recebemos de um pequeno grupo de deficientes auditivos! üëçüèª	18183	added_video	https://scontent.xx.fbcdn.net/v/t15.5256-10/41708787_493870224442995_2385015856527572992_n.jpg?_nc_cat=109&_nc_ohc=LTHoOWXnZHQAX-jgk9o&_nc_ht=scontent.xx&oh=bdaf78eb4600eaa0be2da501ebf8b925&oe=5E95B98F	57863	128	440	6	33	12724
170	2018-10-23T23:43:01+0000	1540348981.0	211857482296579_549006952219650	"- Band: Fim da reelei√ß√£o, novo atentado e mais.

. Youtube: https://youtu.be/lQXuGyHpxyQ"	6696	added_video	https://scontent.xx.fbcdn.net/v/t15.5256-10/41837765_549008952219450_7305264437307375616_n.jpg?_nc_cat=103&_nc_ohc=JScjNhApYooAX8NVEUH&_nc_ht=scontent.xx&oh=a163c0253c8a792ec80a5f284148e378&oe=5EA2602B	34204	64	301	11	21	1985
171	2018-10-23T20:12:07+0000	1540336327.0	211857482296579_1919595458095838	"- Recep√ß√£o emocionante de comitiva representando grande parte dos Prefeitos do Brasil e buscando sempre conhecer os problemas dos eleitos que vivem mais pr√≥ximos da popula√ß√£o! Assista ao conte√∫do da reuni√£o:

. Link no youtube. https://youtu.be/yFO3fCFz-k0"	25429	added_video	https://scontent.xx.fbcdn.net/v/t15.5256-10/41801726_1919598271428890_2503948156698361856_n.jpg?_nc_cat=108&_nc_ohc=QrR3eFkj1ZMAX-xT1Sy&_nc_ht=scontent.xx&oh=1b8a7eebca24747d5b8d98e357bbb99d&oe=5E990627	55000	93	426	56	37	5100
172	2018-10-23T18:06:54+0000	1540328814.0	211857482296579_276851812947393	- Hoje recebi rapidamente uma parte da ampliada bancada de Deputados Federais focados no aperfei√ßoamento da destro√ßada Seguran√ßa P√∫blica do Brasil! Juntos, trabalharemos para resgatar o Brasil da heran√ßa maldita de viol√™ncia deixada por governos anteriores!	11044	added_video	https://scontent.xx.fbcdn.net/v/t15.5256-10/42010066_276852082947366_6591445923593715712_n.jpg?_nc_cat=111&_nc_ohc=Pc_yBxmbsV4AX8rD7QU&_nc_ht=scontent.xx&oh=a7db65fe3a19f7ffb99938f9490a8b5a&oe=5E9D8E34	43860	92	491	2	18	3363
173	2018-10-24T23:00:18+0000	1540432818.0	211857482296579_2094741270570889	"- Novas informa√ß√µes e mentiras que est√£o sendo difundidas a meu respeito!

. Link no youtube: https://youtu.be/a3DFyl6E1BE"	175675	added_video	https://scontent.xx.fbcdn.net/v/t15.5256-10/42013842_2094750850569931_8344252485459771392_n.jpg?_nc_cat=101&_nc_ohc=xFH37dyYeF0AX9FRf-d&_nc_ht=scontent.xx&oh=0c78349748e8214689edbc06218e3b57&oe=5E96FC25	231255	2261	949	194	1130	81532
174	2018-10-24T21:09:35+0000	1540426175.0	211857482296579_539432583149376	"- FANTOCHE DO LULA PEGO NA MENTIRA AO VIVO MAIS UMA VEZ

- O maior fabricante de Fake News das elei√ß√µes afirmou diversas vezes que meu Vice, General Mour√£o, teria torturado um militante comunista em 1969. Ele s√≥ n√£o imaginou que algu√©m pesquisaria um pouco e descobriria que Mour√£o tinha 16 anos e sequer era militar nesta data. Ap√≥s ser desmascarado, restou fazer o que sempre fazem: desviar o assunto e n√£o se responsabilizarem por enganar a popula√ß√£o. J√° era esperado, se eles sequer reconhecem seus crimes de corrup√ß√£o, quem dir√° mentiras deslavadas..."	108085	added_video	https://scontent.xx.fbcdn.net/v/t15.5256-10/42676714_539432889816012_3156441216099287040_n.jpg?_nc_cat=103&_nc_ohc=ExZfP8babWYAX99ecqF&_nc_ht=scontent.xx&oh=5eeb0fb3b53c093a36cc4cb6cb71884a&oe=5E977EC1	63937	22867	399	137	1477	1791
175	2018-10-24T16:20:53+0000	1540408853.0	211857482296579_300498463895833	Concordo com o mano brown üëçüèª	36743	added_video	https://scontent.xx.fbcdn.net/v/t15.5256-10/41876139_300499233895756_1803784413465542656_n.jpg?_nc_cat=105&_nc_ohc=6Mi6gn7Ufb0AX_WPY9s&_nc_ht=scontent.xx&oh=a683f6b111b6ecdbd8e0231135a555ba&oe=5ED38773	93334	20390	513	16	64	10271
176	2018-10-24T12:10:08+0000	1540393808.0	211857482296579_243781356289759	"- Entrevista a TV Cidade Verde: Infraestrutura, log√≠stica, educa√ß√£o, economia, turismo e pontos que realmente importam.
- contra bravatas e mentiras, a verdade!

. Link no youtube: https://youtu.be/aiC3wFEyY3U"	12758	added_video	https://scontent.xx.fbcdn.net/v/t15.5256-10/41927072_243782592956302_8540161521676713984_n.jpg?_nc_cat=102&_nc_ohc=jP8e_1pq4BYAX8-Wstg&_nc_ht=scontent.xx&oh=2d9aea3409246cb1cca14d4f40cbf52e&oe=5EA6FC77	35355	59	240	6	36	2629
177	2018-10-24T00:50:23+0000	1540353023.0	211857482296579_321577785089853	Bolsonaro e Haddad citados na Lava-Jato. Tirem suas conclus√µes!	16689	added_video	https://scontent.xx.fbcdn.net/v/t15.5256-10/43194413_321578141756484_6906477673061548032_n.jpg?_nc_cat=104&_nc_ohc=OE-tKOwkw1EAX-KN19Y&_nc_ht=scontent.xx&oh=bbef814ffd109b2d581cc7cdd8698405&oe=5E9D6A49	34996	914	185	13	93	2118
178	2018-10-25T20:56:35+0000	1540511795.0	211857482296579_2167036803538937	- Entrevista para o Ter√ßa Livre TV sobre o bolivarianismo e o Foro de SP. Assista:	16053	added_video	https://scontent.xx.fbcdn.net/v/t15.5256-10/43285995_2167040760205208_4487417491974258688_n.jpg?_nc_cat=111&_nc_ohc=b7O4d-3WMc4AX-Ii8c3&_nc_ht=scontent.xx&oh=f74aac4d2712a379e28b93c644e28227&oe=5EDB0055	39427	92	521	16	62	2809
179	2018-10-25T08:30:57+0000	1540467057.0	211857482296579_685790048472840	- Agrade√ßo a considera√ß√£o do Empres√°rio Roberto Justus!	106648	added_video	https://scontent.xx.fbcdn.net/v/t15.5256-10/41917888_685790868472758_1432604891544551424_n.jpg?_nc_cat=108&_nc_ohc=Ca8ShrXQwDoAX9fWkSa&_nc_ht=scontent.xx&oh=9e269f79b2984d4382fce250f77a7649&oe=5E9F08ED	118040	185	1162	11	64	10175
180	2018-10-26T22:47:57+0000	1540604877.0	211857482296579_567097510414528	Recebemos visita de deputado √çtalo-brasileiro Roberto Lorenzato trazendo o apoio e pedido de extradi√ß√£o do terrorista italiano Cesare Battisti oriundos do Vice-Primeiro Ministro da It√°lia. Compromisso reafirmado!	17396	added_video	https://scontent.xx.fbcdn.net/v/t15.5256-10/43321394_567097973747815_1081032896057180160_n.jpg?_nc_cat=110&_nc_ohc=o3aZmdhUjG0AX-HeOGE&_nc_ht=scontent.xx&oh=5f6028457d54c1f2e161a4f3304456eb&oe=5E90C325	58909	435	237	5	46	4869
181	2018-10-26T13:44:48+0000	1540572288.0	211857482296579_2255428511367562	"- √çndia da Tribo Xingu visita Jair Bolsonaro e conhece suas reais propostas, sem as mentiras do PT. O Brasil √© de todos n√≥s!

. Link em nosso canal no youtube: https://youtu.be/ATP-Zy07ycM"	30834	added_video	https://scontent.xx.fbcdn.net/v/t15.5256-10/43265252_2255429211367492_1144718568043053056_n.jpg?_nc_cat=107&_nc_ohc=f_tUpZNQ_wYAX83Xlyr&_nc_ht=scontent.xx&oh=bea41d5bcad71f2c560c0d9f3f1340af&oe=5E9F67BF	64466	208	529	16	65	6993
182	2018-10-27T21:55:54+0000	1540688154.0	211857482296579_2149131062082170	"- √öltima live pr√©-segundo turno.
- O futuro est√° nas m√£os dos brasileiros. (Parte 2).

. Link completo no youtube. https://youtu.be/2py6E3U2wCc"	35903	added_video	https://scontent.xx.fbcdn.net/v/t15.5256-10/s640x640/43917593_2149137272081549_5427847229073260544_n.jpg?_nc_cat=108&_nc_ohc=8MQZSI2nC_wAX9NIIVj&_nc_ht=scontent.xx&_nc_tp=1002&oh=5703e1edf737576ab490608058983c5f&oe=5E93531E	140844	968	417	64	382	44243
183	2018-10-27T19:18:59+0000	1540678739.0	211857482296579_281609079133933	- A DEMOCRACIA DO MST, UNE e outros estranhos: Militantes de esquerda, desafiam justi√ßa e fazem ato chamando Juiz Moro de corrupto:	9479	added_video	https://scontent.xx.fbcdn.net/v/t15.5256-10/42928602_281609599133881_5539779759048753152_n.jpg?_nc_cat=111&_nc_ohc=zJq9dp-pECMAX-UEQMH&_nc_ht=scontent.xx&oh=16cec23e6d05cab9a191d8a3fe5e9fbe&oe=5E9F966E	27039	688	343	2735	9600	312
184	2018-10-27T14:56:51+0000	1540663011.0	211857482296579_326403148173770	‚Ä™- Em suas redes sociais, Joaquim barbosa divulga voto em Haddad, mas j√° est√° na hist√≥ria que ele mesmo disse que s√≥ Bolsonaro n√£o foi comprado pelo  PT no esquema de corrup√ß√£o conhecido como Mensal√£o, que feria gravamente a democracia do nosso pa√≠s anulando o Poder Legislativo.‚Ä¨	40669	added_video	https://scontent.xx.fbcdn.net/v/t15.5256-10/43084501_326403944840357_1974474771814940672_n.jpg?_nc_cat=111&_nc_ohc=wfVWrZojTXgAX8QxJkM&_nc_ht=scontent.xx&oh=c2434e94e09f0d2b6572bd4379b7f2b1&oe=5E9855C2	65665	2646	443	283	582	3931
185	2018-10-27T13:18:24+0000	1540657104.0	211857482296579_2144234992273942	Trabalhador indignado mostra a realidade de viol√™ncia no Brasil na era PT.	28640	added_video	https://scontent.xx.fbcdn.net/v/t15.5256-10/42894191_2144236785607096_1843164792508907520_n.jpg?_nc_cat=109&_nc_ohc=EJIlgheRLCkAX-yklcL&_nc_ht=scontent.xx&oh=eaf45654546eb2f4f1ed65dc0ed8eb6e&oe=5EA6288E	47805	88	301	3597	416	1208
186	2018-10-28T00:56:35+0000	1540698995.0	211857482296579_2152743251644109	- Depois de d√©cadas, o Brasil finalmente tem a chance de eleger um presidente que carrega verdadeiramente os valores dos brasileiros, que respeita a fam√≠lia, contra as drogas, que combate radicalmente a criminalidade e a corrup√ß√£o em nossa pol√≠tica. O Brasil ser√° de todos os brasileiros. Vamos juntos mudar os rumos da nossa na√ß√£o! Vamos votar Jair Bolsonaro presidente 17! Um forte abra√ßo a todos e at√© a vit√≥ria, se Deus quiser!	44395	added_video	https://scontent.xx.fbcdn.net/v/t15.5256-10/43918127_2152743564977411_5841675157768241152_n.jpg?_nc_cat=103&_nc_ohc=EejEYk2mVqEAX_IxS_D&_nc_ht=scontent.xx&oh=4be618c578347f81fd478cbf3f0b32cd&oe=5E9B7949	144230	414	537	33	269	21712
187	2018-10-28T00:37:01+0000	1540697821.0	211857482296579_244838876192161	- A escolha √© dos brasileiros!	21935	added_video	https://scontent.xx.fbcdn.net/v/t15.5256-10/43892136_244839446192104_1542378977115504640_n.jpg?_nc_cat=103&_nc_ohc=5xvrpjmxU-QAX_v_N1v&_nc_ht=scontent.xx&oh=068f9f9ca9fc3289563ce1be8da49683&oe=5EA2C40C	63051	164	266	255	1574	4722
188	2018-10-29T00:09:20+0000	1540782560.0	211857482296579_2076031999084232	Um agradecimento a todos pela confian√ßa e apoio!	67676	added_video	https://scontent.xx.fbcdn.net/v/t15.5256-10/s640x640/43552417_2076039619083470_7307806864673079296_n.jpg?_nc_cat=108&_nc_ohc=hl7eFeCcqTcAX9yG3sm&_nc_ht=scontent.xx&_nc_tp=1002&oh=b7344219b7e5a3ddd406d8459bb9b8c0&oe=5ED977F0	316342	2537	1030	309	814	154853
189	2018-10-31T00:06:06+0000	1540955166.0	211857482296579_248928202447795	"‚Ä™- Por Felipe Moura Brasil : Um pouco da trajet√≥ria pol√≠tica que levou Jair Bolsonaro √† Presid√™ncia da Rep√∫blica. 

Link no youtube: youtu.be/biqF_I3fcFs‚Ä¨"	6461	added_video	https://scontent.xx.fbcdn.net/v/t15.5256-10/43836657_248928772447738_7821018051674898432_n.jpg?_nc_cat=102&_nc_ohc=CDcecrtVSfwAX8Nubq3&_nc_ht=scontent.xx&oh=b4864d418a18ae61caea2c6acdd7cde1&oe=5E8FCD25	66046	69	564	10	23	7082
190	2018-11-01T15:12:36+0000	1541095956.0	211857482296579_344866046060618	"- Falamos para a imprensa pela primeira vez ap√≥s Juiz S√©rgio Moro aceitar ser Ministro da Justi√ßa e Seguran√ßa P√∫blica. 

. Link no youtube: https://youtu.be/NEnfd1I_0P4"	27845	added_video	https://scontent.xx.fbcdn.net/v/t15.5256-10/43113619_344866752727214_7356797963185684480_n.jpg?_nc_cat=109&_nc_ohc=VfyMA2QIU8UAX_Zkrp_&_nc_ht=scontent.xx&oh=f9b99cfc04f57fd69957c541fe4f9426&oe=5ECA27A1	114387	142	1098	12	25	18609
191	2018-12-12T22:04:40+0000	1544659480.0	211857482296579_2275948909316886	Atualiza√ß√£o sobre os intensos trabalhos realizados nos √∫ltimos dias, com Presidente eleito Jair Bolsonaro. üáßüá∑ 12 de Dezembro de 2018.	42579	added_video	https://scontent.xx.fbcdn.net/v/t15.5256-10/s640x640/48278445_2275955355982908_6478342392259805184_n.jpg?_nc_cat=100&_nc_ohc=fTXbP1IkySIAX-8Yz-n&_nc_ht=scontent.xx&oh=67a456fb285e7e1fa9cddf3abe50d3d6&oe=5ECBC251	152313	1330	690	146	549	54104
192	2018-12-18T21:00:19+0000	1545174019.0	211857482296579_313867762671180	"- Pol√≠tica Nacional

. Link no youtube: https://youtu.be/-waYrL3heIc"	38071	added_video	https://scontent.xx.fbcdn.net/v/t15.5256-10/48484285_313875562670400_7174809899522588672_n.jpg?_nc_cat=101&_nc_ohc=Vm9wOMQsj64AX-SJ_Et&_nc_ht=scontent.xx&oh=cb796ad5e299866c09fec18028c535e1&oe=5E8FCBA3	132519	969	534	130	447	40547
